-- Install configuration: "Release"
-- Installing: /work/install-core/deps/eigen3
-- Installing: /work/install-core/deps/eigen3/include
-- Installing: /work/install-core/deps/eigen3/include/eigen3
-- Installing: /work/install-core/deps/eigen3/include/eigen3/signature_of_eigen3_matrix_library
-- Installing: /work/install-core/deps/eigen3/include/eigen3/unsupported
-- Installing: /work/install-core/deps/eigen3/include/eigen3/unsupported/Eigen
-- Installing: /work/install-core/deps/eigen3/include/eigen3/unsupported/Eigen/MatrixFunctions
-- Installing: /work/install-core/deps/eigen3/include/eigen3/unsupported/Eigen/AdolcForward
-- Installing: /work/install-core/deps/eigen3/include/eigen3/unsupported/Eigen/AlignedVector3
-- Installing: /work/install-core/deps/eigen3/include/eigen3/unsupported/Eigen/OpenGLSupport
-- Installing: /work/install-core/deps/eigen3/include/eigen3/unsupported/Eigen/LevenbergMarquardt
-- Installing: /work/install-core/deps/eigen3/include/eigen3/unsupported/Eigen/CXX11
-- Installing: /work/install-core/deps/eigen3/include/eigen3/unsupported/Eigen/CXX11/ThreadPool
-- Installing: /work/install-core/deps/eigen3/include/eigen3/unsupported/Eigen/CXX11/TensorSymmetry
-- Installing: /work/install-core/deps/eigen3/include/eigen3/unsupported/Eigen/CXX11/Tensor
-- Installing: /work/install-core/deps/eigen3/include/eigen3/unsupported/Eigen/CXX11/src
-- Installing: /work/install-core/deps/eigen3/include/eigen3/unsupported/Eigen/CXX11/src/util
-- Installing: /work/install-core/deps/eigen3/include/eigen3/unsupported/Eigen/CXX11/src/util/MaxSizeVector.h
-- Installing: /work/install-core/deps/eigen3/include/eigen3/unsupported/Eigen/CXX11/src/util/CXX11Meta.h
-- Installing: /work/install-core/deps/eigen3/include/eigen3/unsupported/Eigen/CXX11/src/util/CXX11Workarounds.h
-- Installing: /work/install-core/deps/eigen3/include/eigen3/unsupported/Eigen/CXX11/src/util/EmulateArray.h
-- Installing: /work/install-core/deps/eigen3/include/eigen3/unsupported/Eigen/CXX11/src/ThreadPool
-- Installing: /work/install-core/deps/eigen3/include/eigen3/unsupported/Eigen/CXX11/src/ThreadPool/ThreadEnvironment.h
-- Installing: /work/install-core/deps/eigen3/include/eigen3/unsupported/Eigen/CXX11/src/ThreadPool/NonBlockingThreadPool.h
-- Installing: /work/install-core/deps/eigen3/include/eigen3/unsupported/Eigen/CXX11/src/ThreadPool/Barrier.h
-- Installing: /work/install-core/deps/eigen3/include/eigen3/unsupported/Eigen/CXX11/src/ThreadPool/ThreadLocal.h
-- Installing: /work/install-core/deps/eigen3/include/eigen3/unsupported/Eigen/CXX11/src/ThreadPool/RunQueue.h
-- Installing: /work/install-core/deps/eigen3/include/eigen3/unsupported/Eigen/CXX11/src/ThreadPool/ThreadPoolInterface.h
-- Installing: /work/install-core/deps/eigen3/include/eigen3/unsupported/Eigen/CXX11/src/ThreadPool/ThreadCancel.h
-- Installing: /work/install-core/deps/eigen3/include/eigen3/unsupported/Eigen/CXX11/src/ThreadPool/ThreadYield.h
-- Installing: /work/install-core/deps/eigen3/include/eigen3/unsupported/Eigen/CXX11/src/ThreadPool/EventCount.h
-- Installing: /work/install-core/deps/eigen3/include/eigen3/unsupported/Eigen/CXX11/src/TensorSymmetry
-- Installing: /work/install-core/deps/eigen3/include/eigen3/unsupported/Eigen/CXX11/src/TensorSymmetry/util
-- Installing: /work/install-core/deps/eigen3/include/eigen3/unsupported/Eigen/CXX11/src/TensorSymmetry/util/TemplateGroupTheory.h
-- Installing: /work/install-core/deps/eigen3/include/eigen3/unsupported/Eigen/CXX11/src/TensorSymmetry/DynamicSymmetry.h
-- Installing: /work/install-core/deps/eigen3/include/eigen3/unsupported/Eigen/CXX11/src/TensorSymmetry/StaticSymmetry.h
-- Installing: /work/install-core/deps/eigen3/include/eigen3/unsupported/Eigen/CXX11/src/TensorSymmetry/Symmetry.h
-- Installing: /work/install-core/deps/eigen3/include/eigen3/unsupported/Eigen/CXX11/src/Tensor
-- Installing: /work/install-core/deps/eigen3/include/eigen3/unsupported/Eigen/CXX11/src/Tensor/TensorRandom.h
-- Installing: /work/install-core/deps/eigen3/include/eigen3/unsupported/Eigen/CXX11/src/Tensor/TensorUInt128.h
-- Installing: /work/install-core/deps/eigen3/include/eigen3/unsupported/Eigen/CXX11/src/Tensor/TensorReductionGpu.h
-- Installing: /work/install-core/deps/eigen3/include/eigen3/unsupported/Eigen/CXX11/src/Tensor/TensorConversion.h
-- Installing: /work/install-core/deps/eigen3/include/eigen3/unsupported/Eigen/CXX11/src/Tensor/TensorEvalTo.h
-- Installing: /work/install-core/deps/eigen3/include/eigen3/unsupported/Eigen/CXX11/src/Tensor/TensorContractionSycl.h
-- Installing: /work/install-core/deps/eigen3/include/eigen3/unsupported/Eigen/CXX11/src/Tensor/TensorMorphing.h
-- Installing: /work/install-core/deps/eigen3/include/eigen3/unsupported/Eigen/CXX11/src/Tensor/TensorCostModel.h
-- Installing: /work/install-core/deps/eigen3/include/eigen3/unsupported/Eigen/CXX11/src/Tensor/TensorContraction.h
-- Installing: /work/install-core/deps/eigen3/include/eigen3/unsupported/Eigen/CXX11/src/Tensor/TensorFunctors.h
-- Installing: /work/install-core/deps/eigen3/include/eigen3/unsupported/Eigen/CXX11/src/Tensor/TensorReductionCuda.h
-- Installing: /work/install-core/deps/eigen3/include/eigen3/unsupported/Eigen/CXX11/src/Tensor/TensorExpr.h
-- Installing: /work/install-core/deps/eigen3/include/eigen3/unsupported/Eigen/CXX11/src/Tensor/TensorContractionThreadPool.h
-- Installing: /work/install-core/deps/eigen3/include/eigen3/unsupported/Eigen/CXX11/src/Tensor/TensorInflation.h
-- Installing: /work/install-core/deps/eigen3/include/eigen3/unsupported/Eigen/CXX11/src/Tensor/TensorDeviceDefault.h
-- Installing: /work/install-core/deps/eigen3/include/eigen3/unsupported/Eigen/CXX11/src/Tensor/TensorRef.h
-- Installing: /work/install-core/deps/eigen3/include/eigen3/unsupported/Eigen/CXX11/src/Tensor/TensorFixedSize.h
-- Installing: /work/install-core/deps/eigen3/include/eigen3/unsupported/Eigen/CXX11/src/Tensor/TensorMacros.h
-- Installing: /work/install-core/deps/eigen3/include/eigen3/unsupported/Eigen/CXX11/src/Tensor/TensorBroadcasting.h
-- Installing: /work/install-core/deps/eigen3/include/eigen3/unsupported/Eigen/CXX11/src/Tensor/TensorCustomOp.h
-- Installing: /work/install-core/deps/eigen3/include/eigen3/unsupported/Eigen/CXX11/src/Tensor/TensorArgMax.h
-- Installing: /work/install-core/deps/eigen3/include/eigen3/unsupported/Eigen/CXX11/src/Tensor/TensorIndexList.h
-- Installing: /work/install-core/deps/eigen3/include/eigen3/unsupported/Eigen/CXX11/src/Tensor/TensorImagePatch.h
-- Installing: /work/install-core/deps/eigen3/include/eigen3/unsupported/Eigen/CXX11/src/Tensor/TensorIntDiv.h
-- Installing: /work/install-core/deps/eigen3/include/eigen3/unsupported/Eigen/CXX11/src/Tensor/TensorShuffling.h
-- Installing: /work/install-core/deps/eigen3/include/eigen3/unsupported/Eigen/CXX11/src/Tensor/TensorReverse.h
-- Installing: /work/install-core/deps/eigen3/include/eigen3/unsupported/Eigen/CXX11/src/Tensor/TensorReduction.h
-- Installing: /work/install-core/deps/eigen3/include/eigen3/unsupported/Eigen/CXX11/src/Tensor/TensorDeviceCuda.h
-- Installing: /work/install-core/deps/eigen3/include/eigen3/unsupported/Eigen/CXX11/src/Tensor/TensorInitializer.h
-- Installing: /work/install-core/deps/eigen3/include/eigen3/unsupported/Eigen/CXX11/src/Tensor/TensorContractionBlocking.h
-- Installing: /work/install-core/deps/eigen3/include/eigen3/unsupported/Eigen/CXX11/src/Tensor/TensorGenerator.h
-- Installing: /work/install-core/deps/eigen3/include/eigen3/unsupported/Eigen/CXX11/src/Tensor/TensorConvolution.h
-- Installing: /work/install-core/deps/eigen3/include/eigen3/unsupported/Eigen/CXX11/src/Tensor/TensorTrace.h
-- Installing: /work/install-core/deps/eigen3/include/eigen3/unsupported/Eigen/CXX11/src/Tensor/TensorEvaluator.h
-- Installing: /work/install-core/deps/eigen3/include/eigen3/unsupported/Eigen/CXX11/src/Tensor/TensorForwardDeclarations.h
-- Installing: /work/install-core/deps/eigen3/include/eigen3/unsupported/Eigen/CXX11/src/Tensor/TensorMeta.h
-- Installing: /work/install-core/deps/eigen3/include/eigen3/unsupported/Eigen/CXX11/src/Tensor/TensorPadding.h
-- Installing: /work/install-core/deps/eigen3/include/eigen3/unsupported/Eigen/CXX11/src/Tensor/TensorDeviceSycl.h
-- Installing: /work/install-core/deps/eigen3/include/eigen3/unsupported/Eigen/CXX11/src/Tensor/TensorFFT.h
-- Installing: /work/install-core/deps/eigen3/include/eigen3/unsupported/Eigen/CXX11/src/Tensor/TensorLayoutSwap.h
-- Installing: /work/install-core/deps/eigen3/include/eigen3/unsupported/Eigen/CXX11/src/Tensor/TensorGpuHipCudaDefines.h
-- Installing: /work/install-core/deps/eigen3/include/eigen3/unsupported/Eigen/CXX11/src/Tensor/TensorMap.h
-- Installing: /work/install-core/deps/eigen3/include/eigen3/unsupported/Eigen/CXX11/src/Tensor/TensorExecutor.h
-- Installing: /work/install-core/deps/eigen3/include/eigen3/unsupported/Eigen/CXX11/src/Tensor/TensorStriding.h
-- Installing: /work/install-core/deps/eigen3/include/eigen3/unsupported/Eigen/CXX11/src/Tensor/TensorPatch.h
-- Installing: /work/install-core/deps/eigen3/include/eigen3/unsupported/Eigen/CXX11/src/Tensor/TensorBlock.h
-- Installing: /work/install-core/deps/eigen3/include/eigen3/unsupported/Eigen/CXX11/src/Tensor/TensorGlobalFunctions.h
-- Installing: /work/install-core/deps/eigen3/include/eigen3/unsupported/Eigen/CXX11/src/Tensor/TensorScan.h
-- Installing: /work/install-core/deps/eigen3/include/eigen3/unsupported/Eigen/CXX11/src/Tensor/TensorDeviceThreadPool.h
-- Installing: /work/install-core/deps/eigen3/include/eigen3/unsupported/Eigen/CXX11/src/Tensor/TensorBase.h
-- Installing: /work/install-core/deps/eigen3/include/eigen3/unsupported/Eigen/CXX11/src/Tensor/TensorDeviceGpu.h
-- Installing: /work/install-core/deps/eigen3/include/eigen3/unsupported/Eigen/CXX11/src/Tensor/TensorStorage.h
-- Installing: /work/install-core/deps/eigen3/include/eigen3/unsupported/Eigen/CXX11/src/Tensor/TensorChipping.h
-- Installing: /work/install-core/deps/eigen3/include/eigen3/unsupported/Eigen/CXX11/src/Tensor/TensorContractionMapper.h
-- Installing: /work/install-core/deps/eigen3/include/eigen3/unsupported/Eigen/CXX11/src/Tensor/TensorTraits.h
-- Installing: /work/install-core/deps/eigen3/include/eigen3/unsupported/Eigen/CXX11/src/Tensor/TensorReductionSycl.h
-- Installing: /work/install-core/deps/eigen3/include/eigen3/unsupported/Eigen/CXX11/src/Tensor/TensorDevice.h
-- Installing: /work/install-core/deps/eigen3/include/eigen3/unsupported/Eigen/CXX11/src/Tensor/TensorDimensions.h
-- Installing: /work/install-core/deps/eigen3/include/eigen3/unsupported/Eigen/CXX11/src/Tensor/TensorContractionGpu.h
-- Installing: /work/install-core/deps/eigen3/include/eigen3/unsupported/Eigen/CXX11/src/Tensor/TensorConvolutionSycl.h
-- Installing: /work/install-core/deps/eigen3/include/eigen3/unsupported/Eigen/CXX11/src/Tensor/TensorScanSycl.h
-- Installing: /work/install-core/deps/eigen3/include/eigen3/unsupported/Eigen/CXX11/src/Tensor/TensorContractionCuda.h
-- Installing: /work/install-core/deps/eigen3/include/eigen3/unsupported/Eigen/CXX11/src/Tensor/TensorDimensionList.h
-- Installing: /work/install-core/deps/eigen3/include/eigen3/unsupported/Eigen/CXX11/src/Tensor/Tensor.h
-- Installing: /work/install-core/deps/eigen3/include/eigen3/unsupported/Eigen/CXX11/src/Tensor/TensorVolumePatch.h
-- Installing: /work/install-core/deps/eigen3/include/eigen3/unsupported/Eigen/CXX11/src/Tensor/TensorForcedEval.h
-- Installing: /work/install-core/deps/eigen3/include/eigen3/unsupported/Eigen/CXX11/src/Tensor/TensorIO.h
-- Installing: /work/install-core/deps/eigen3/include/eigen3/unsupported/Eigen/CXX11/src/Tensor/TensorConcatenation.h
-- Installing: /work/install-core/deps/eigen3/include/eigen3/unsupported/Eigen/CXX11/src/Tensor/TensorAssign.h
-- Installing: /work/install-core/deps/eigen3/include/eigen3/unsupported/Eigen/CXX11/src/Tensor/TensorGpuHipCudaUndefines.h
-- Installing: /work/install-core/deps/eigen3/include/eigen3/unsupported/Eigen/AutoDiff
-- Installing: /work/install-core/deps/eigen3/include/eigen3/unsupported/Eigen/NumericalDiff
-- Installing: /work/install-core/deps/eigen3/include/eigen3/unsupported/Eigen/NonLinearOptimization
-- Installing: /work/install-core/deps/eigen3/include/eigen3/unsupported/Eigen/ArpackSupport
-- Installing: /work/install-core/deps/eigen3/include/eigen3/unsupported/Eigen/Skyline
-- Installing: /work/install-core/deps/eigen3/include/eigen3/unsupported/Eigen/BVH
-- Installing: /work/install-core/deps/eigen3/include/eigen3/unsupported/Eigen/SpecialFunctions
-- Installing: /work/install-core/deps/eigen3/include/eigen3/unsupported/Eigen/Splines
-- Installing: /work/install-core/deps/eigen3/include/eigen3/unsupported/Eigen/KroneckerProduct
-- Installing: /work/install-core/deps/eigen3/include/eigen3/unsupported/Eigen/IterativeSolvers
-- Installing: /work/install-core/deps/eigen3/include/eigen3/unsupported/Eigen/FFT
-- Installing: /work/install-core/deps/eigen3/include/eigen3/unsupported/Eigen/EulerAngles
-- Installing: /work/install-core/deps/eigen3/include/eigen3/unsupported/Eigen/SparseExtra
-- Installing: /work/install-core/deps/eigen3/include/eigen3/unsupported/Eigen/Polynomials
-- Installing: /work/install-core/deps/eigen3/include/eigen3/unsupported/Eigen/MoreVectorization
-- Installing: /work/install-core/deps/eigen3/include/eigen3/unsupported/Eigen/MPRealSupport
-- Installing: /work/install-core/deps/eigen3/include/eigen3/unsupported/Eigen/src
-- Installing: /work/install-core/deps/eigen3/include/eigen3/unsupported/Eigen/src/MatrixFunctions
-- Installing: /work/install-core/deps/eigen3/include/eigen3/unsupported/Eigen/src/MatrixFunctions/StemFunction.h
-- Installing: /work/install-core/deps/eigen3/include/eigen3/unsupported/Eigen/src/MatrixFunctions/MatrixLogarithm.h
-- Installing: /work/install-core/deps/eigen3/include/eigen3/unsupported/Eigen/src/MatrixFunctions/MatrixFunction.h
-- Installing: /work/install-core/deps/eigen3/include/eigen3/unsupported/Eigen/src/MatrixFunctions/MatrixPower.h
-- Installing: /work/install-core/deps/eigen3/include/eigen3/unsupported/Eigen/src/MatrixFunctions/MatrixExponential.h
-- Installing: /work/install-core/deps/eigen3/include/eigen3/unsupported/Eigen/src/MatrixFunctions/MatrixSquareRoot.h
-- Installing: /work/install-core/deps/eigen3/include/eigen3/unsupported/Eigen/src/LevenbergMarquardt
-- Installing: /work/install-core/deps/eigen3/include/eigen3/unsupported/Eigen/src/LevenbergMarquardt/LMcovar.h
-- Installing: /work/install-core/deps/eigen3/include/eigen3/unsupported/Eigen/src/LevenbergMarquardt/LevenbergMarquardt.h
-- Installing: /work/install-core/deps/eigen3/include/eigen3/unsupported/Eigen/src/LevenbergMarquardt/LMpar.h
-- Installing: /work/install-core/deps/eigen3/include/eigen3/unsupported/Eigen/src/LevenbergMarquardt/LMqrsolv.h
-- Installing: /work/install-core/deps/eigen3/include/eigen3/unsupported/Eigen/src/LevenbergMarquardt/LMonestep.h
-- Installing: /work/install-core/deps/eigen3/include/eigen3/unsupported/Eigen/src/AutoDiff
-- Installing: /work/install-core/deps/eigen3/include/eigen3/unsupported/Eigen/src/AutoDiff/AutoDiffJacobian.h
-- Installing: /work/install-core/deps/eigen3/include/eigen3/unsupported/Eigen/src/AutoDiff/AutoDiffScalar.h
-- Installing: /work/install-core/deps/eigen3/include/eigen3/unsupported/Eigen/src/AutoDiff/AutoDiffVector.h
-- Installing: /work/install-core/deps/eigen3/include/eigen3/unsupported/Eigen/src/NumericalDiff
-- Installing: /work/install-core/deps/eigen3/include/eigen3/unsupported/Eigen/src/NumericalDiff/NumericalDiff.h
-- Installing: /work/install-core/deps/eigen3/include/eigen3/unsupported/Eigen/src/NonLinearOptimization
-- Installing: /work/install-core/deps/eigen3/include/eigen3/unsupported/Eigen/src/NonLinearOptimization/chkder.h
-- Installing: /work/install-core/deps/eigen3/include/eigen3/unsupported/Eigen/src/NonLinearOptimization/rwupdt.h
-- Installing: /work/install-core/deps/eigen3/include/eigen3/unsupported/Eigen/src/NonLinearOptimization/fdjac1.h
-- Installing: /work/install-core/deps/eigen3/include/eigen3/unsupported/Eigen/src/NonLinearOptimization/dogleg.h
-- Installing: /work/install-core/deps/eigen3/include/eigen3/unsupported/Eigen/src/NonLinearOptimization/r1updt.h
-- Installing: /work/install-core/deps/eigen3/include/eigen3/unsupported/Eigen/src/NonLinearOptimization/qrsolv.h
-- Installing: /work/install-core/deps/eigen3/include/eigen3/unsupported/Eigen/src/NonLinearOptimization/HybridNonLinearSolver.h
-- Installing: /work/install-core/deps/eigen3/include/eigen3/unsupported/Eigen/src/NonLinearOptimization/LevenbergMarquardt.h
-- Installing: /work/install-core/deps/eigen3/include/eigen3/unsupported/Eigen/src/NonLinearOptimization/lmpar.h
-- Installing: /work/install-core/deps/eigen3/include/eigen3/unsupported/Eigen/src/NonLinearOptimization/r1mpyq.h
-- Installing: /work/install-core/deps/eigen3/include/eigen3/unsupported/Eigen/src/NonLinearOptimization/covar.h
-- Installing: /work/install-core/deps/eigen3/include/eigen3/unsupported/Eigen/src/Skyline
-- Installing: /work/install-core/deps/eigen3/include/eigen3/unsupported/Eigen/src/Skyline/SkylineMatrix.h
-- Installing: /work/install-core/deps/eigen3/include/eigen3/unsupported/Eigen/src/Skyline/SkylineStorage.h
-- Installing: /work/install-core/deps/eigen3/include/eigen3/unsupported/Eigen/src/Skyline/SkylineUtil.h
-- Installing: /work/install-core/deps/eigen3/include/eigen3/unsupported/Eigen/src/Skyline/SkylineMatrixBase.h
-- Installing: /work/install-core/deps/eigen3/include/eigen3/unsupported/Eigen/src/Skyline/SkylineInplaceLU.h
-- Installing: /work/install-core/deps/eigen3/include/eigen3/unsupported/Eigen/src/Skyline/SkylineProduct.h
-- Installing: /work/install-core/deps/eigen3/include/eigen3/unsupported/Eigen/src/BVH
-- Installing: /work/install-core/deps/eigen3/include/eigen3/unsupported/Eigen/src/BVH/BVAlgorithms.h
-- Installing: /work/install-core/deps/eigen3/include/eigen3/unsupported/Eigen/src/BVH/KdBVH.h
-- Installing: /work/install-core/deps/eigen3/include/eigen3/unsupported/Eigen/src/SpecialFunctions
-- Installing: /work/install-core/deps/eigen3/include/eigen3/unsupported/Eigen/src/SpecialFunctions/SpecialFunctionsArrayAPI.h
-- Installing: /work/install-core/deps/eigen3/include/eigen3/unsupported/Eigen/src/SpecialFunctions/BesselFunctionsPacketMath.h
-- Installing: /work/install-core/deps/eigen3/include/eigen3/unsupported/Eigen/src/SpecialFunctions/SpecialFunctionsFunctors.h
-- Installing: /work/install-core/deps/eigen3/include/eigen3/unsupported/Eigen/src/SpecialFunctions/SpecialFunctionsHalf.h
-- Installing: /work/install-core/deps/eigen3/include/eigen3/unsupported/Eigen/src/SpecialFunctions/BesselFunctionsImpl.h
-- Installing: /work/install-core/deps/eigen3/include/eigen3/unsupported/Eigen/src/SpecialFunctions/BesselFunctionsBFloat16.h
-- Installing: /work/install-core/deps/eigen3/include/eigen3/unsupported/Eigen/src/SpecialFunctions/BesselFunctionsHalf.h
-- Installing: /work/install-core/deps/eigen3/include/eigen3/unsupported/Eigen/src/SpecialFunctions/HipVectorCompatibility.h
-- Installing: /work/install-core/deps/eigen3/include/eigen3/unsupported/Eigen/src/SpecialFunctions/arch
-- Installing: /work/install-core/deps/eigen3/include/eigen3/unsupported/Eigen/src/SpecialFunctions/arch/GPU
-- Installing: /work/install-core/deps/eigen3/include/eigen3/unsupported/Eigen/src/SpecialFunctions/arch/GPU/SpecialFunctions.h
-- Installing: /work/install-core/deps/eigen3/include/eigen3/unsupported/Eigen/src/SpecialFunctions/arch/AVX512
-- Installing: /work/install-core/deps/eigen3/include/eigen3/unsupported/Eigen/src/SpecialFunctions/arch/AVX512/BesselFunctions.h
-- Installing: /work/install-core/deps/eigen3/include/eigen3/unsupported/Eigen/src/SpecialFunctions/arch/AVX512/SpecialFunctions.h
-- Installing: /work/install-core/deps/eigen3/include/eigen3/unsupported/Eigen/src/SpecialFunctions/arch/AVX
-- Installing: /work/install-core/deps/eigen3/include/eigen3/unsupported/Eigen/src/SpecialFunctions/arch/AVX/BesselFunctions.h
-- Installing: /work/install-core/deps/eigen3/include/eigen3/unsupported/Eigen/src/SpecialFunctions/arch/AVX/SpecialFunctions.h
-- Installing: /work/install-core/deps/eigen3/include/eigen3/unsupported/Eigen/src/SpecialFunctions/arch/NEON
-- Installing: /work/install-core/deps/eigen3/include/eigen3/unsupported/Eigen/src/SpecialFunctions/arch/NEON/BesselFunctions.h
-- Installing: /work/install-core/deps/eigen3/include/eigen3/unsupported/Eigen/src/SpecialFunctions/arch/NEON/SpecialFunctions.h
-- Installing: /work/install-core/deps/eigen3/include/eigen3/unsupported/Eigen/src/SpecialFunctions/SpecialFunctionsBFloat16.h
-- Installing: /work/install-core/deps/eigen3/include/eigen3/unsupported/Eigen/src/SpecialFunctions/SpecialFunctionsPacketMath.h
-- Installing: /work/install-core/deps/eigen3/include/eigen3/unsupported/Eigen/src/SpecialFunctions/BesselFunctionsArrayAPI.h
-- Installing: /work/install-core/deps/eigen3/include/eigen3/unsupported/Eigen/src/SpecialFunctions/SpecialFunctionsImpl.h
-- Installing: /work/install-core/deps/eigen3/include/eigen3/unsupported/Eigen/src/SpecialFunctions/BesselFunctionsFunctors.h
-- Installing: /work/install-core/deps/eigen3/include/eigen3/unsupported/Eigen/src/Splines
-- Installing: /work/install-core/deps/eigen3/include/eigen3/unsupported/Eigen/src/Splines/SplineFwd.h
-- Installing: /work/install-core/deps/eigen3/include/eigen3/unsupported/Eigen/src/Splines/Spline.h
-- Installing: /work/install-core/deps/eigen3/include/eigen3/unsupported/Eigen/src/Splines/SplineFitting.h
-- Installing: /work/install-core/deps/eigen3/include/eigen3/unsupported/Eigen/src/KroneckerProduct
-- Installing: /work/install-core/deps/eigen3/include/eigen3/unsupported/Eigen/src/KroneckerProduct/KroneckerTensorProduct.h
-- Installing: /work/install-core/deps/eigen3/include/eigen3/unsupported/Eigen/src/IterativeSolvers
-- Installing: /work/install-core/deps/eigen3/include/eigen3/unsupported/Eigen/src/IterativeSolvers/MINRES.h
-- Installing: /work/install-core/deps/eigen3/include/eigen3/unsupported/Eigen/src/IterativeSolvers/IncompleteLU.h
-- Installing: /work/install-core/deps/eigen3/include/eigen3/unsupported/Eigen/src/IterativeSolvers/IterationController.h
-- Installing: /work/install-core/deps/eigen3/include/eigen3/unsupported/Eigen/src/IterativeSolvers/ConstrainedConjGrad.h
-- Installing: /work/install-core/deps/eigen3/include/eigen3/unsupported/Eigen/src/IterativeSolvers/Scaling.h
-- Installing: /work/install-core/deps/eigen3/include/eigen3/unsupported/Eigen/src/IterativeSolvers/IDRS.h
-- Installing: /work/install-core/deps/eigen3/include/eigen3/unsupported/Eigen/src/IterativeSolvers/GMRES.h
-- Installing: /work/install-core/deps/eigen3/include/eigen3/unsupported/Eigen/src/IterativeSolvers/DGMRES.h
-- Installing: /work/install-core/deps/eigen3/include/eigen3/unsupported/Eigen/src/FFT
-- Installing: /work/install-core/deps/eigen3/include/eigen3/unsupported/Eigen/src/FFT/ei_kissfft_impl.h
-- Installing: /work/install-core/deps/eigen3/include/eigen3/unsupported/Eigen/src/FFT/ei_fftw_impl.h
-- Installing: /work/install-core/deps/eigen3/include/eigen3/unsupported/Eigen/src/EulerAngles
-- Installing: /work/install-core/deps/eigen3/include/eigen3/unsupported/Eigen/src/EulerAngles/EulerAngles.h
-- Installing: /work/install-core/deps/eigen3/include/eigen3/unsupported/Eigen/src/EulerAngles/EulerSystem.h
-- Installing: /work/install-core/deps/eigen3/include/eigen3/unsupported/Eigen/src/SparseExtra
-- Installing: /work/install-core/deps/eigen3/include/eigen3/unsupported/Eigen/src/SparseExtra/MarketIO.h
-- Installing: /work/install-core/deps/eigen3/include/eigen3/unsupported/Eigen/src/SparseExtra/RandomSetter.h
-- Installing: /work/install-core/deps/eigen3/include/eigen3/unsupported/Eigen/src/SparseExtra/MatrixMarketIterator.h
-- Installing: /work/install-core/deps/eigen3/include/eigen3/unsupported/Eigen/src/SparseExtra/BlockOfDynamicSparseMatrix.h
-- Installing: /work/install-core/deps/eigen3/include/eigen3/unsupported/Eigen/src/SparseExtra/DynamicSparseMatrix.h
-- Installing: /work/install-core/deps/eigen3/include/eigen3/unsupported/Eigen/src/SparseExtra/BlockSparseMatrix.h
-- Installing: /work/install-core/deps/eigen3/include/eigen3/unsupported/Eigen/src/Polynomials
-- Installing: /work/install-core/deps/eigen3/include/eigen3/unsupported/Eigen/src/Polynomials/Companion.h
-- Installing: /work/install-core/deps/eigen3/include/eigen3/unsupported/Eigen/src/Polynomials/PolynomialSolver.h
-- Installing: /work/install-core/deps/eigen3/include/eigen3/unsupported/Eigen/src/Polynomials/PolynomialUtils.h
-- Installing: /work/install-core/deps/eigen3/include/eigen3/unsupported/Eigen/src/MoreVectorization
-- Installing: /work/install-core/deps/eigen3/include/eigen3/unsupported/Eigen/src/MoreVectorization/MathFunctions.h
-- Installing: /work/install-core/deps/eigen3/include/eigen3/unsupported/Eigen/src/Eigenvalues
-- Installing: /work/install-core/deps/eigen3/include/eigen3/unsupported/Eigen/src/Eigenvalues/ArpackSelfAdjointEigenSolver.h
-- Installing: /work/install-core/deps/eigen3/include/eigen3/Eigen
-- Installing: /work/install-core/deps/eigen3/include/eigen3/Eigen/CholmodSupport
-- Installing: /work/install-core/deps/eigen3/include/eigen3/Eigen/StdVector
-- Installing: /work/install-core/deps/eigen3/include/eigen3/Eigen/StdDeque
-- Installing: /work/install-core/deps/eigen3/include/eigen3/Eigen/Core
-- Installing: /work/install-core/deps/eigen3/include/eigen3/Eigen/SparseLU
-- Installing: /work/install-core/deps/eigen3/include/eigen3/Eigen/OrderingMethods
-- Installing: /work/install-core/deps/eigen3/include/eigen3/Eigen/QtAlignedMalloc
-- Installing: /work/install-core/deps/eigen3/include/eigen3/Eigen/Householder
-- Installing: /work/install-core/deps/eigen3/include/eigen3/Eigen/PardisoSupport
-- Installing: /work/install-core/deps/eigen3/include/eigen3/Eigen/SparseCore
-- Installing: /work/install-core/deps/eigen3/include/eigen3/Eigen/Jacobi
-- Installing: /work/install-core/deps/eigen3/include/eigen3/Eigen/Dense
-- Installing: /work/install-core/deps/eigen3/include/eigen3/Eigen/SPQRSupport
-- Installing: /work/install-core/deps/eigen3/include/eigen3/Eigen/QR
-- Installing: /work/install-core/deps/eigen3/include/eigen3/Eigen/Eigen
-- Installing: /work/install-core/deps/eigen3/include/eigen3/Eigen/SparseQR
-- Installing: /work/install-core/deps/eigen3/include/eigen3/Eigen/SVD
-- Installing: /work/install-core/deps/eigen3/include/eigen3/Eigen/Cholesky
-- Installing: /work/install-core/deps/eigen3/include/eigen3/Eigen/UmfPackSupport
-- Installing: /work/install-core/deps/eigen3/include/eigen3/Eigen/IterativeLinearSolvers
-- Installing: /work/install-core/deps/eigen3/include/eigen3/Eigen/LU
-- Installing: /work/install-core/deps/eigen3/include/eigen3/Eigen/Sparse
-- Installing: /work/install-core/deps/eigen3/include/eigen3/Eigen/Geometry
-- Installing: /work/install-core/deps/eigen3/include/eigen3/Eigen/SuperLUSupport
-- Installing: /work/install-core/deps/eigen3/include/eigen3/Eigen/StdList
-- Installing: /work/install-core/deps/eigen3/include/eigen3/Eigen/MetisSupport
-- Installing: /work/install-core/deps/eigen3/include/eigen3/Eigen/SparseCholesky
-- Installing: /work/install-core/deps/eigen3/include/eigen3/Eigen/Eigenvalues
-- Installing: /work/install-core/deps/eigen3/include/eigen3/Eigen/PaStiXSupport
-- Installing: /work/install-core/deps/eigen3/include/eigen3/Eigen/src
-- Installing: /work/install-core/deps/eigen3/include/eigen3/Eigen/src/CholmodSupport
-- Installing: /work/install-core/deps/eigen3/include/eigen3/Eigen/src/CholmodSupport/CholmodSupport.h
-- Installing: /work/install-core/deps/eigen3/include/eigen3/Eigen/src/misc
-- Installing: /work/install-core/deps/eigen3/include/eigen3/Eigen/src/misc/blas.h
-- Installing: /work/install-core/deps/eigen3/include/eigen3/Eigen/src/misc/lapacke.h
-- Installing: /work/install-core/deps/eigen3/include/eigen3/Eigen/src/misc/Kernel.h
-- Installing: /work/install-core/deps/eigen3/include/eigen3/Eigen/src/misc/RealSvd2x2.h
-- Installing: /work/install-core/deps/eigen3/include/eigen3/Eigen/src/misc/Image.h
-- Installing: /work/install-core/deps/eigen3/include/eigen3/Eigen/src/misc/lapack.h
-- Installing: /work/install-core/deps/eigen3/include/eigen3/Eigen/src/misc/lapacke_mangling.h
-- Installing: /work/install-core/deps/eigen3/include/eigen3/Eigen/src/Core
-- Installing: /work/install-core/deps/eigen3/include/eigen3/Eigen/src/Core/Reverse.h
-- Installing: /work/install-core/deps/eigen3/include/eigen3/Eigen/src/Core/ConditionEstimator.h
-- Installing: /work/install-core/deps/eigen3/include/eigen3/Eigen/src/Core/PermutationMatrix.h
-- Installing: /work/install-core/deps/eigen3/include/eigen3/Eigen/src/Core/Assign.h
-- Installing: /work/install-core/deps/eigen3/include/eigen3/Eigen/src/Core/MathFunctionsImpl.h
-- Installing: /work/install-core/deps/eigen3/include/eigen3/Eigen/src/Core/CwiseUnaryOp.h
-- Installing: /work/install-core/deps/eigen3/include/eigen3/Eigen/src/Core/DiagonalMatrix.h
-- Installing: /work/install-core/deps/eigen3/include/eigen3/Eigen/src/Core/StlIterators.h
-- Installing: /work/install-core/deps/eigen3/include/eigen3/Eigen/src/Core/VectorBlock.h
-- Installing: /work/install-core/deps/eigen3/include/eigen3/Eigen/src/Core/ReturnByValue.h
-- Installing: /work/install-core/deps/eigen3/include/eigen3/Eigen/src/Core/Solve.h
-- Installing: /work/install-core/deps/eigen3/include/eigen3/Eigen/src/Core/products
-- Installing: /work/install-core/deps/eigen3/include/eigen3/Eigen/src/Core/products/SelfadjointRank2Update.h
-- Installing: /work/install-core/deps/eigen3/include/eigen3/Eigen/src/Core/products/GeneralBlockPanelKernel.h
-- Installing: /work/install-core/deps/eigen3/include/eigen3/Eigen/src/Core/products/GeneralMatrixMatrixTriangular_BLAS.h
-- Installing: /work/install-core/deps/eigen3/include/eigen3/Eigen/src/Core/products/GeneralMatrixMatrix_BLAS.h
-- Installing: /work/install-core/deps/eigen3/include/eigen3/Eigen/src/Core/products/GeneralMatrixVector_BLAS.h
-- Installing: /work/install-core/deps/eigen3/include/eigen3/Eigen/src/Core/products/GeneralMatrixMatrix.h
-- Installing: /work/install-core/deps/eigen3/include/eigen3/Eigen/src/Core/products/Parallelizer.h
-- Installing: /work/install-core/deps/eigen3/include/eigen3/Eigen/src/Core/products/GeneralMatrixMatrixTriangular.h
-- Installing: /work/install-core/deps/eigen3/include/eigen3/Eigen/src/Core/products/TriangularMatrixVector.h
-- Installing: /work/install-core/deps/eigen3/include/eigen3/Eigen/src/Core/products/SelfadjointMatrixVector.h
-- Installing: /work/install-core/deps/eigen3/include/eigen3/Eigen/src/Core/products/TriangularSolverMatrix.h
-- Installing: /work/install-core/deps/eigen3/include/eigen3/Eigen/src/Core/products/GeneralMatrixVector.h
-- Installing: /work/install-core/deps/eigen3/include/eigen3/Eigen/src/Core/products/SelfadjointProduct.h
-- Installing: /work/install-core/deps/eigen3/include/eigen3/Eigen/src/Core/products/TriangularMatrixVector_BLAS.h
-- Installing: /work/install-core/deps/eigen3/include/eigen3/Eigen/src/Core/products/TriangularMatrixMatrix_BLAS.h
-- Installing: /work/install-core/deps/eigen3/include/eigen3/Eigen/src/Core/products/SelfadjointMatrixVector_BLAS.h
-- Installing: /work/install-core/deps/eigen3/include/eigen3/Eigen/src/Core/products/TriangularSolverMatrix_BLAS.h
-- Installing: /work/install-core/deps/eigen3/include/eigen3/Eigen/src/Core/products/SelfadjointMatrixMatrix_BLAS.h
-- Installing: /work/install-core/deps/eigen3/include/eigen3/Eigen/src/Core/products/TriangularSolverVector.h
-- Installing: /work/install-core/deps/eigen3/include/eigen3/Eigen/src/Core/products/TriangularMatrixMatrix.h
-- Installing: /work/install-core/deps/eigen3/include/eigen3/Eigen/src/Core/products/SelfadjointMatrixMatrix.h
-- Installing: /work/install-core/deps/eigen3/include/eigen3/Eigen/src/Core/ArithmeticSequence.h
-- Installing: /work/install-core/deps/eigen3/include/eigen3/Eigen/src/Core/Product.h
-- Installing: /work/install-core/deps/eigen3/include/eigen3/Eigen/src/Core/util
-- Installing: /work/install-core/deps/eigen3/include/eigen3/Eigen/src/Core/util/NonMPL2.h
-- Installing: /work/install-core/deps/eigen3/include/eigen3/Eigen/src/Core/util/ReshapedHelper.h
-- Installing: /work/install-core/deps/eigen3/include/eigen3/Eigen/src/Core/util/BlasUtil.h
-- Installing: /work/install-core/deps/eigen3/include/eigen3/Eigen/src/Core/util/StaticAssert.h
-- Installing: /work/install-core/deps/eigen3/include/eigen3/Eigen/src/Core/util/Constants.h
-- Installing: /work/install-core/deps/eigen3/include/eigen3/Eigen/src/Core/util/XprHelper.h
-- Installing: /work/install-core/deps/eigen3/include/eigen3/Eigen/src/Core/util/MKL_support.h
-- Installing: /work/install-core/deps/eigen3/include/eigen3/Eigen/src/Core/util/Macros.h
-- Installing: /work/install-core/deps/eigen3/include/eigen3/Eigen/src/Core/util/DisableStupidWarnings.h
-- Installing: /work/install-core/deps/eigen3/include/eigen3/Eigen/src/Core/util/SymbolicIndex.h
-- Installing: /work/install-core/deps/eigen3/include/eigen3/Eigen/src/Core/util/ForwardDeclarations.h
-- Installing: /work/install-core/deps/eigen3/include/eigen3/Eigen/src/Core/util/Memory.h
-- Installing: /work/install-core/deps/eigen3/include/eigen3/Eigen/src/Core/util/Meta.h
-- Installing: /work/install-core/deps/eigen3/include/eigen3/Eigen/src/Core/util/ConfigureVectorization.h
-- Installing: /work/install-core/deps/eigen3/include/eigen3/Eigen/src/Core/util/IntegralConstant.h
-- Installing: /work/install-core/deps/eigen3/include/eigen3/Eigen/src/Core/util/ReenableStupidWarnings.h
-- Installing: /work/install-core/deps/eigen3/include/eigen3/Eigen/src/Core/util/IndexedViewHelper.h
-- Installing: /work/install-core/deps/eigen3/include/eigen3/Eigen/src/Core/MatrixBase.h
-- Installing: /work/install-core/deps/eigen3/include/eigen3/Eigen/src/Core/Stride.h
-- Installing: /work/install-core/deps/eigen3/include/eigen3/Eigen/src/Core/Map.h
-- Installing: /work/install-core/deps/eigen3/include/eigen3/Eigen/src/Core/ForceAlignedAccess.h
-- Installing: /work/install-core/deps/eigen3/include/eigen3/Eigen/src/Core/MathFunctions.h
-- Installing: /work/install-core/deps/eigen3/include/eigen3/Eigen/src/Core/functors
-- Installing: /work/install-core/deps/eigen3/include/eigen3/Eigen/src/Core/functors/UnaryFunctors.h
-- Installing: /work/install-core/deps/eigen3/include/eigen3/Eigen/src/Core/functors/TernaryFunctors.h
-- Installing: /work/install-core/deps/eigen3/include/eigen3/Eigen/src/Core/functors/AssignmentFunctors.h
-- Installing: /work/install-core/deps/eigen3/include/eigen3/Eigen/src/Core/functors/BinaryFunctors.h
-- Installing: /work/install-core/deps/eigen3/include/eigen3/Eigen/src/Core/functors/StlFunctors.h
-- Installing: /work/install-core/deps/eigen3/include/eigen3/Eigen/src/Core/functors/NullaryFunctors.h
-- Installing: /work/install-core/deps/eigen3/include/eigen3/Eigen/src/Core/SelfCwiseBinaryOp.h
-- Installing: /work/install-core/deps/eigen3/include/eigen3/Eigen/src/Core/BandMatrix.h
-- Installing: /work/install-core/deps/eigen3/include/eigen3/Eigen/src/Core/Inverse.h
-- Installing: /work/install-core/deps/eigen3/include/eigen3/Eigen/src/Core/Assign_MKL.h
-- Installing: /work/install-core/deps/eigen3/include/eigen3/Eigen/src/Core/Swap.h
-- Installing: /work/install-core/deps/eigen3/include/eigen3/Eigen/src/Core/ProductEvaluators.h
-- Installing: /work/install-core/deps/eigen3/include/eigen3/Eigen/src/Core/MapBase.h
-- Installing: /work/install-core/deps/eigen3/include/eigen3/Eigen/src/Core/Matrix.h
-- Installing: /work/install-core/deps/eigen3/include/eigen3/Eigen/src/Core/EigenBase.h
-- Installing: /work/install-core/deps/eigen3/include/eigen3/Eigen/src/Core/StableNorm.h
-- Installing: /work/install-core/deps/eigen3/include/eigen3/Eigen/src/Core/GenericPacketMath.h
-- Installing: /work/install-core/deps/eigen3/include/eigen3/Eigen/src/Core/CwiseBinaryOp.h
-- Installing: /work/install-core/deps/eigen3/include/eigen3/Eigen/src/Core/Visitor.h
-- Installing: /work/install-core/deps/eigen3/include/eigen3/Eigen/src/Core/DenseStorage.h
-- Installing: /work/install-core/deps/eigen3/include/eigen3/Eigen/src/Core/DiagonalProduct.h
-- Installing: /work/install-core/deps/eigen3/include/eigen3/Eigen/src/Core/CwiseUnaryView.h
-- Installing: /work/install-core/deps/eigen3/include/eigen3/Eigen/src/Core/NoAlias.h
-- Installing: /work/install-core/deps/eigen3/include/eigen3/Eigen/src/Core/DenseCoeffsBase.h
-- Installing: /work/install-core/deps/eigen3/include/eigen3/Eigen/src/Core/PartialReduxEvaluator.h
-- Installing: /work/install-core/deps/eigen3/include/eigen3/Eigen/src/Core/IndexedView.h
-- Installing: /work/install-core/deps/eigen3/include/eigen3/Eigen/src/Core/Fuzzy.h
-- Installing: /work/install-core/deps/eigen3/include/eigen3/Eigen/src/Core/TriangularMatrix.h
-- Installing: /work/install-core/deps/eigen3/include/eigen3/Eigen/src/Core/IO.h
-- Installing: /work/install-core/deps/eigen3/include/eigen3/Eigen/src/Core/arch
-- Installing: /work/install-core/deps/eigen3/include/eigen3/Eigen/src/Core/arch/SSE
-- Installing: /work/install-core/deps/eigen3/include/eigen3/Eigen/src/Core/arch/SSE/PacketMath.h
-- Installing: /work/install-core/deps/eigen3/include/eigen3/Eigen/src/Core/arch/SSE/MathFunctions.h
-- Installing: /work/install-core/deps/eigen3/include/eigen3/Eigen/src/Core/arch/SSE/TypeCasting.h
-- Installing: /work/install-core/deps/eigen3/include/eigen3/Eigen/src/Core/arch/SSE/Complex.h
-- Installing: /work/install-core/deps/eigen3/include/eigen3/Eigen/src/Core/arch/GPU
-- Installing: /work/install-core/deps/eigen3/include/eigen3/Eigen/src/Core/arch/GPU/PacketMath.h
-- Installing: /work/install-core/deps/eigen3/include/eigen3/Eigen/src/Core/arch/GPU/MathFunctions.h
-- Installing: /work/install-core/deps/eigen3/include/eigen3/Eigen/src/Core/arch/GPU/TypeCasting.h
-- Installing: /work/install-core/deps/eigen3/include/eigen3/Eigen/src/Core/arch/MSA
-- Installing: /work/install-core/deps/eigen3/include/eigen3/Eigen/src/Core/arch/MSA/PacketMath.h
-- Installing: /work/install-core/deps/eigen3/include/eigen3/Eigen/src/Core/arch/MSA/MathFunctions.h
-- Installing: /work/install-core/deps/eigen3/include/eigen3/Eigen/src/Core/arch/MSA/Complex.h
-- Installing: /work/install-core/deps/eigen3/include/eigen3/Eigen/src/Core/arch/CUDA
-- Installing: /work/install-core/deps/eigen3/include/eigen3/Eigen/src/Core/arch/CUDA/Complex.h
-- Installing: /work/install-core/deps/eigen3/include/eigen3/Eigen/src/Core/arch/ZVector
-- Installing: /work/install-core/deps/eigen3/include/eigen3/Eigen/src/Core/arch/ZVector/PacketMath.h
-- Installing: /work/install-core/deps/eigen3/include/eigen3/Eigen/src/Core/arch/ZVector/MathFunctions.h
-- Installing: /work/install-core/deps/eigen3/include/eigen3/Eigen/src/Core/arch/ZVector/Complex.h
-- Installing: /work/install-core/deps/eigen3/include/eigen3/Eigen/src/Core/arch/Default
-- Installing: /work/install-core/deps/eigen3/include/eigen3/Eigen/src/Core/arch/Default/Half.h
-- Installing: /work/install-core/deps/eigen3/include/eigen3/Eigen/src/Core/arch/Default/Settings.h
-- Installing: /work/install-core/deps/eigen3/include/eigen3/Eigen/src/Core/arch/Default/TypeCasting.h
-- Installing: /work/install-core/deps/eigen3/include/eigen3/Eigen/src/Core/arch/Default/BFloat16.h
-- Installing: /work/install-core/deps/eigen3/include/eigen3/Eigen/src/Core/arch/Default/GenericPacketMathFunctionsFwd.h
-- Installing: /work/install-core/deps/eigen3/include/eigen3/Eigen/src/Core/arch/Default/GenericPacketMathFunctions.h
-- Installing: /work/install-core/deps/eigen3/include/eigen3/Eigen/src/Core/arch/Default/ConjHelper.h
-- Installing: /work/install-core/deps/eigen3/include/eigen3/Eigen/src/Core/arch/AVX512
-- Installing: /work/install-core/deps/eigen3/include/eigen3/Eigen/src/Core/arch/AVX512/PacketMath.h
-- Installing: /work/install-core/deps/eigen3/include/eigen3/Eigen/src/Core/arch/AVX512/MathFunctions.h
-- Installing: /work/install-core/deps/eigen3/include/eigen3/Eigen/src/Core/arch/AVX512/TypeCasting.h
-- Installing: /work/install-core/deps/eigen3/include/eigen3/Eigen/src/Core/arch/AVX512/Complex.h
-- Installing: /work/install-core/deps/eigen3/include/eigen3/Eigen/src/Core/arch/SVE
-- Installing: /work/install-core/deps/eigen3/include/eigen3/Eigen/src/Core/arch/SVE/PacketMath.h
-- Installing: /work/install-core/deps/eigen3/include/eigen3/Eigen/src/Core/arch/SVE/MathFunctions.h
-- Installing: /work/install-core/deps/eigen3/include/eigen3/Eigen/src/Core/arch/SVE/TypeCasting.h
-- Installing: /work/install-core/deps/eigen3/include/eigen3/Eigen/src/Core/arch/HIP
-- Installing: /work/install-core/deps/eigen3/include/eigen3/Eigen/src/Core/arch/HIP/hcc
-- Installing: /work/install-core/deps/eigen3/include/eigen3/Eigen/src/Core/arch/HIP/hcc/math_constants.h
-- Installing: /work/install-core/deps/eigen3/include/eigen3/Eigen/src/Core/arch/AVX
-- Installing: /work/install-core/deps/eigen3/include/eigen3/Eigen/src/Core/arch/AVX/PacketMath.h
-- Installing: /work/install-core/deps/eigen3/include/eigen3/Eigen/src/Core/arch/AVX/MathFunctions.h
-- Installing: /work/install-core/deps/eigen3/include/eigen3/Eigen/src/Core/arch/AVX/TypeCasting.h
-- Installing: /work/install-core/deps/eigen3/include/eigen3/Eigen/src/Core/arch/AVX/Complex.h
-- Installing: /work/install-core/deps/eigen3/include/eigen3/Eigen/src/Core/arch/SYCL
-- Installing: /work/install-core/deps/eigen3/include/eigen3/Eigen/src/Core/arch/SYCL/PacketMath.h
-- Installing: /work/install-core/deps/eigen3/include/eigen3/Eigen/src/Core/arch/SYCL/MathFunctions.h
-- Installing: /work/install-core/deps/eigen3/include/eigen3/Eigen/src/Core/arch/SYCL/SyclMemoryModel.h
-- Installing: /work/install-core/deps/eigen3/include/eigen3/Eigen/src/Core/arch/SYCL/InteropHeaders.h
-- Installing: /work/install-core/deps/eigen3/include/eigen3/Eigen/src/Core/arch/SYCL/TypeCasting.h
-- Installing: /work/install-core/deps/eigen3/include/eigen3/Eigen/src/Core/arch/NEON
-- Installing: /work/install-core/deps/eigen3/include/eigen3/Eigen/src/Core/arch/NEON/GeneralBlockPanelKernel.h
-- Installing: /work/install-core/deps/eigen3/include/eigen3/Eigen/src/Core/arch/NEON/PacketMath.h
-- Installing: /work/install-core/deps/eigen3/include/eigen3/Eigen/src/Core/arch/NEON/MathFunctions.h
-- Installing: /work/install-core/deps/eigen3/include/eigen3/Eigen/src/Core/arch/NEON/TypeCasting.h
-- Installing: /work/install-core/deps/eigen3/include/eigen3/Eigen/src/Core/arch/NEON/Complex.h
-- Installing: /work/install-core/deps/eigen3/include/eigen3/Eigen/src/Core/arch/AltiVec
-- Installing: /work/install-core/deps/eigen3/include/eigen3/Eigen/src/Core/arch/AltiVec/PacketMath.h
-- Installing: /work/install-core/deps/eigen3/include/eigen3/Eigen/src/Core/arch/AltiVec/MathFunctions.h
-- Installing: /work/install-core/deps/eigen3/include/eigen3/Eigen/src/Core/arch/AltiVec/MatrixProduct.h
-- Installing: /work/install-core/deps/eigen3/include/eigen3/Eigen/src/Core/arch/AltiVec/MatrixProductMMA.h
-- Installing: /work/install-core/deps/eigen3/include/eigen3/Eigen/src/Core/arch/AltiVec/MatrixProductCommon.h
-- Installing: /work/install-core/deps/eigen3/include/eigen3/Eigen/src/Core/arch/AltiVec/Complex.h
-- Installing: /work/install-core/deps/eigen3/include/eigen3/Eigen/src/Core/Array.h
-- Installing: /work/install-core/deps/eigen3/include/eigen3/Eigen/src/Core/SolverBase.h
-- Installing: /work/install-core/deps/eigen3/include/eigen3/Eigen/src/Core/AssignEvaluator.h
-- Installing: /work/install-core/deps/eigen3/include/eigen3/Eigen/src/Core/Replicate.h
-- Installing: /work/install-core/deps/eigen3/include/eigen3/Eigen/src/Core/CoreIterators.h
-- Installing: /work/install-core/deps/eigen3/include/eigen3/Eigen/src/Core/ArrayBase.h
-- Installing: /work/install-core/deps/eigen3/include/eigen3/Eigen/src/Core/Block.h
-- Installing: /work/install-core/deps/eigen3/include/eigen3/Eigen/src/Core/Dot.h
-- Installing: /work/install-core/deps/eigen3/include/eigen3/Eigen/src/Core/PlainObjectBase.h
-- Installing: /work/install-core/deps/eigen3/include/eigen3/Eigen/src/Core/SelfAdjointView.h
-- Installing: /work/install-core/deps/eigen3/include/eigen3/Eigen/src/Core/GeneralProduct.h
-- Installing: /work/install-core/deps/eigen3/include/eigen3/Eigen/src/Core/SolveTriangular.h
-- Installing: /work/install-core/deps/eigen3/include/eigen3/Eigen/src/Core/CoreEvaluators.h
-- Installing: /work/install-core/deps/eigen3/include/eigen3/Eigen/src/Core/CwiseNullaryOp.h
-- Installing: /work/install-core/deps/eigen3/include/eigen3/Eigen/src/Core/VectorwiseOp.h
-- Installing: /work/install-core/deps/eigen3/include/eigen3/Eigen/src/Core/ArrayWrapper.h
-- Installing: /work/install-core/deps/eigen3/include/eigen3/Eigen/src/Core/BooleanRedux.h
-- Installing: /work/install-core/deps/eigen3/include/eigen3/Eigen/src/Core/Transpositions.h
-- Installing: /work/install-core/deps/eigen3/include/eigen3/Eigen/src/Core/NestByValue.h
-- Installing: /work/install-core/deps/eigen3/include/eigen3/Eigen/src/Core/Ref.h
-- Installing: /work/install-core/deps/eigen3/include/eigen3/Eigen/src/Core/Reshaped.h
-- Installing: /work/install-core/deps/eigen3/include/eigen3/Eigen/src/Core/Transpose.h
-- Installing: /work/install-core/deps/eigen3/include/eigen3/Eigen/src/Core/Redux.h
-- Installing: /work/install-core/deps/eigen3/include/eigen3/Eigen/src/Core/NumTraits.h
-- Installing: /work/install-core/deps/eigen3/include/eigen3/Eigen/src/Core/CommaInitializer.h
-- Installing: /work/install-core/deps/eigen3/include/eigen3/Eigen/src/Core/GlobalFunctions.h
-- Installing: /work/install-core/deps/eigen3/include/eigen3/Eigen/src/Core/Random.h
-- Installing: /work/install-core/deps/eigen3/include/eigen3/Eigen/src/Core/Diagonal.h
-- Installing: /work/install-core/deps/eigen3/include/eigen3/Eigen/src/Core/DenseBase.h
-- Installing: /work/install-core/deps/eigen3/include/eigen3/Eigen/src/Core/CwiseTernaryOp.h
-- Installing: /work/install-core/deps/eigen3/include/eigen3/Eigen/src/Core/Select.h
-- Installing: /work/install-core/deps/eigen3/include/eigen3/Eigen/src/SparseLU
-- Installing: /work/install-core/deps/eigen3/include/eigen3/Eigen/src/SparseLU/SparseLU_Utils.h
-- Installing: /work/install-core/deps/eigen3/include/eigen3/Eigen/src/SparseLU/SparseLU_kernel_bmod.h
-- Installing: /work/install-core/deps/eigen3/include/eigen3/Eigen/src/SparseLU/SparseLU_column_bmod.h
-- Installing: /work/install-core/deps/eigen3/include/eigen3/Eigen/src/SparseLU/SparseLU.h
-- Installing: /work/install-core/deps/eigen3/include/eigen3/Eigen/src/SparseLU/SparseLU_column_dfs.h
-- Installing: /work/install-core/deps/eigen3/include/eigen3/Eigen/src/SparseLU/SparseLU_panel_dfs.h
-- Installing: /work/install-core/deps/eigen3/include/eigen3/Eigen/src/SparseLU/SparseLU_relax_snode.h
-- Installing: /work/install-core/deps/eigen3/include/eigen3/Eigen/src/SparseLU/SparseLU_heap_relax_snode.h
-- Installing: /work/install-core/deps/eigen3/include/eigen3/Eigen/src/SparseLU/SparseLU_panel_bmod.h
-- Installing: /work/install-core/deps/eigen3/include/eigen3/Eigen/src/SparseLU/SparseLU_Structs.h
-- Installing: /work/install-core/deps/eigen3/include/eigen3/Eigen/src/SparseLU/SparseLU_pruneL.h
-- Installing: /work/install-core/deps/eigen3/include/eigen3/Eigen/src/SparseLU/SparseLU_copy_to_ucol.h
-- Installing: /work/install-core/deps/eigen3/include/eigen3/Eigen/src/SparseLU/SparseLU_Memory.h
-- Installing: /work/install-core/deps/eigen3/include/eigen3/Eigen/src/SparseLU/SparseLU_pivotL.h
-- Installing: /work/install-core/deps/eigen3/include/eigen3/Eigen/src/SparseLU/SparseLUImpl.h
-- Installing: /work/install-core/deps/eigen3/include/eigen3/Eigen/src/SparseLU/SparseLU_SupernodalMatrix.h
-- Installing: /work/install-core/deps/eigen3/include/eigen3/Eigen/src/OrderingMethods
-- Installing: /work/install-core/deps/eigen3/include/eigen3/Eigen/src/OrderingMethods/Ordering.h
-- Installing: /work/install-core/deps/eigen3/include/eigen3/Eigen/src/OrderingMethods/Eigen_Colamd.h
-- Installing: /work/install-core/deps/eigen3/include/eigen3/Eigen/src/OrderingMethods/Amd.h
-- Installing: /work/install-core/deps/eigen3/include/eigen3/Eigen/src/plugins
-- Installing: /work/install-core/deps/eigen3/include/eigen3/Eigen/src/plugins/ArrayCwiseUnaryOps.h
-- Installing: /work/install-core/deps/eigen3/include/eigen3/Eigen/src/plugins/CommonCwiseUnaryOps.h
-- Installing: /work/install-core/deps/eigen3/include/eigen3/Eigen/src/plugins/BlockMethods.h
-- Installing: /work/install-core/deps/eigen3/include/eigen3/Eigen/src/plugins/ArrayCwiseBinaryOps.h
-- Installing: /work/install-core/deps/eigen3/include/eigen3/Eigen/src/plugins/MatrixCwiseBinaryOps.h
-- Installing: /work/install-core/deps/eigen3/include/eigen3/Eigen/src/plugins/IndexedViewMethods.h
-- Installing: /work/install-core/deps/eigen3/include/eigen3/Eigen/src/plugins/CommonCwiseBinaryOps.h
-- Installing: /work/install-core/deps/eigen3/include/eigen3/Eigen/src/plugins/ReshapedMethods.h
-- Installing: /work/install-core/deps/eigen3/include/eigen3/Eigen/src/plugins/MatrixCwiseUnaryOps.h
-- Installing: /work/install-core/deps/eigen3/include/eigen3/Eigen/src/Householder
-- Installing: /work/install-core/deps/eigen3/include/eigen3/Eigen/src/Householder/HouseholderSequence.h
-- Installing: /work/install-core/deps/eigen3/include/eigen3/Eigen/src/Householder/Householder.h
-- Installing: /work/install-core/deps/eigen3/include/eigen3/Eigen/src/Householder/BlockHouseholder.h
-- Installing: /work/install-core/deps/eigen3/include/eigen3/Eigen/src/PardisoSupport
-- Installing: /work/install-core/deps/eigen3/include/eigen3/Eigen/src/PardisoSupport/PardisoSupport.h
-- Installing: /work/install-core/deps/eigen3/include/eigen3/Eigen/src/SparseCore
-- Installing: /work/install-core/deps/eigen3/include/eigen3/Eigen/src/SparseCore/SparseSelfAdjointView.h
-- Installing: /work/install-core/deps/eigen3/include/eigen3/Eigen/src/SparseCore/SparseMatrix.h
-- Installing: /work/install-core/deps/eigen3/include/eigen3/Eigen/src/SparseCore/CompressedStorage.h
-- Installing: /work/install-core/deps/eigen3/include/eigen3/Eigen/src/SparseCore/SparseCwiseBinaryOp.h
-- Installing: /work/install-core/deps/eigen3/include/eigen3/Eigen/src/SparseCore/SparseView.h
-- Installing: /work/install-core/deps/eigen3/include/eigen3/Eigen/src/SparseCore/SparseColEtree.h
-- Installing: /work/install-core/deps/eigen3/include/eigen3/Eigen/src/SparseCore/SparseMatrixBase.h
-- Installing: /work/install-core/deps/eigen3/include/eigen3/Eigen/src/SparseCore/SparseDiagonalProduct.h
-- Installing: /work/install-core/deps/eigen3/include/eigen3/Eigen/src/SparseCore/SparseTriangularView.h
-- Installing: /work/install-core/deps/eigen3/include/eigen3/Eigen/src/SparseCore/SparseAssign.h
-- Installing: /work/install-core/deps/eigen3/include/eigen3/Eigen/src/SparseCore/SparsePermutation.h
-- Installing: /work/install-core/deps/eigen3/include/eigen3/Eigen/src/SparseCore/SparseCwiseUnaryOp.h
-- Installing: /work/install-core/deps/eigen3/include/eigen3/Eigen/src/SparseCore/SparseMap.h
-- Installing: /work/install-core/deps/eigen3/include/eigen3/Eigen/src/SparseCore/SparseDenseProduct.h
-- Installing: /work/install-core/deps/eigen3/include/eigen3/Eigen/src/SparseCore/SparseRef.h
-- Installing: /work/install-core/deps/eigen3/include/eigen3/Eigen/src/SparseCore/SparseFuzzy.h
-- Installing: /work/install-core/deps/eigen3/include/eigen3/Eigen/src/SparseCore/MappedSparseMatrix.h
-- Installing: /work/install-core/deps/eigen3/include/eigen3/Eigen/src/SparseCore/SparseSparseProductWithPruning.h
-- Installing: /work/install-core/deps/eigen3/include/eigen3/Eigen/src/SparseCore/SparseSolverBase.h
-- Installing: /work/install-core/deps/eigen3/include/eigen3/Eigen/src/SparseCore/SparseBlock.h
-- Installing: /work/install-core/deps/eigen3/include/eigen3/Eigen/src/SparseCore/TriangularSolver.h
-- Installing: /work/install-core/deps/eigen3/include/eigen3/Eigen/src/SparseCore/SparseVector.h
-- Installing: /work/install-core/deps/eigen3/include/eigen3/Eigen/src/SparseCore/SparseCompressedBase.h
-- Installing: /work/install-core/deps/eigen3/include/eigen3/Eigen/src/SparseCore/SparseTranspose.h
-- Installing: /work/install-core/deps/eigen3/include/eigen3/Eigen/src/SparseCore/SparseProduct.h
-- Installing: /work/install-core/deps/eigen3/include/eigen3/Eigen/src/SparseCore/AmbiVector.h
-- Installing: /work/install-core/deps/eigen3/include/eigen3/Eigen/src/SparseCore/SparseRedux.h
-- Installing: /work/install-core/deps/eigen3/include/eigen3/Eigen/src/SparseCore/ConservativeSparseSparseProduct.h
-- Installing: /work/install-core/deps/eigen3/include/eigen3/Eigen/src/SparseCore/SparseUtil.h
-- Installing: /work/install-core/deps/eigen3/include/eigen3/Eigen/src/SparseCore/SparseDot.h
-- Installing: /work/install-core/deps/eigen3/include/eigen3/Eigen/src/Jacobi
-- Installing: /work/install-core/deps/eigen3/include/eigen3/Eigen/src/Jacobi/Jacobi.h
-- Installing: /work/install-core/deps/eigen3/include/eigen3/Eigen/src/SPQRSupport
-- Installing: /work/install-core/deps/eigen3/include/eigen3/Eigen/src/SPQRSupport/SuiteSparseQRSupport.h
-- Installing: /work/install-core/deps/eigen3/include/eigen3/Eigen/src/QR
-- Installing: /work/install-core/deps/eigen3/include/eigen3/Eigen/src/QR/FullPivHouseholderQR.h
-- Installing: /work/install-core/deps/eigen3/include/eigen3/Eigen/src/QR/HouseholderQR.h
-- Installing: /work/install-core/deps/eigen3/include/eigen3/Eigen/src/QR/CompleteOrthogonalDecomposition.h
-- Installing: /work/install-core/deps/eigen3/include/eigen3/Eigen/src/QR/ColPivHouseholderQR_LAPACKE.h
-- Installing: /work/install-core/deps/eigen3/include/eigen3/Eigen/src/QR/ColPivHouseholderQR.h
-- Installing: /work/install-core/deps/eigen3/include/eigen3/Eigen/src/QR/HouseholderQR_LAPACKE.h
-- Installing: /work/install-core/deps/eigen3/include/eigen3/Eigen/src/SparseQR
-- Installing: /work/install-core/deps/eigen3/include/eigen3/Eigen/src/SparseQR/SparseQR.h
-- Installing: /work/install-core/deps/eigen3/include/eigen3/Eigen/src/SVD
-- Installing: /work/install-core/deps/eigen3/include/eigen3/Eigen/src/SVD/JacobiSVD_LAPACKE.h
-- Installing: /work/install-core/deps/eigen3/include/eigen3/Eigen/src/SVD/SVDBase.h
-- Installing: /work/install-core/deps/eigen3/include/eigen3/Eigen/src/SVD/JacobiSVD.h
-- Installing: /work/install-core/deps/eigen3/include/eigen3/Eigen/src/SVD/BDCSVD.h
-- Installing: /work/install-core/deps/eigen3/include/eigen3/Eigen/src/SVD/UpperBidiagonalization.h
-- Installing: /work/install-core/deps/eigen3/include/eigen3/Eigen/src/Cholesky
-- Installing: /work/install-core/deps/eigen3/include/eigen3/Eigen/src/Cholesky/LLT_LAPACKE.h
-- Installing: /work/install-core/deps/eigen3/include/eigen3/Eigen/src/Cholesky/LDLT.h
-- Installing: /work/install-core/deps/eigen3/include/eigen3/Eigen/src/Cholesky/LLT.h
-- Installing: /work/install-core/deps/eigen3/include/eigen3/Eigen/src/UmfPackSupport
-- Installing: /work/install-core/deps/eigen3/include/eigen3/Eigen/src/UmfPackSupport/UmfPackSupport.h
-- Installing: /work/install-core/deps/eigen3/include/eigen3/Eigen/src/IterativeLinearSolvers
-- Installing: /work/install-core/deps/eigen3/include/eigen3/Eigen/src/IterativeLinearSolvers/BasicPreconditioners.h
-- Installing: /work/install-core/deps/eigen3/include/eigen3/Eigen/src/IterativeLinearSolvers/IncompleteCholesky.h
-- Installing: /work/install-core/deps/eigen3/include/eigen3/Eigen/src/IterativeLinearSolvers/SolveWithGuess.h
-- Installing: /work/install-core/deps/eigen3/include/eigen3/Eigen/src/IterativeLinearSolvers/IncompleteLUT.h
-- Installing: /work/install-core/deps/eigen3/include/eigen3/Eigen/src/IterativeLinearSolvers/LeastSquareConjugateGradient.h
-- Installing: /work/install-core/deps/eigen3/include/eigen3/Eigen/src/IterativeLinearSolvers/ConjugateGradient.h
-- Installing: /work/install-core/deps/eigen3/include/eigen3/Eigen/src/IterativeLinearSolvers/BiCGSTAB.h
-- Installing: /work/install-core/deps/eigen3/include/eigen3/Eigen/src/IterativeLinearSolvers/IterativeSolverBase.h
-- Installing: /work/install-core/deps/eigen3/include/eigen3/Eigen/src/LU
-- Installing: /work/install-core/deps/eigen3/include/eigen3/Eigen/src/LU/PartialPivLU_LAPACKE.h
-- Installing: /work/install-core/deps/eigen3/include/eigen3/Eigen/src/LU/InverseImpl.h
-- Installing: /work/install-core/deps/eigen3/include/eigen3/Eigen/src/LU/Determinant.h
-- Installing: /work/install-core/deps/eigen3/include/eigen3/Eigen/src/LU/arch
-- Installing: /work/install-core/deps/eigen3/include/eigen3/Eigen/src/LU/arch/InverseSize4.h
-- Installing: /work/install-core/deps/eigen3/include/eigen3/Eigen/src/LU/PartialPivLU.h
-- Installing: /work/install-core/deps/eigen3/include/eigen3/Eigen/src/LU/FullPivLU.h
-- Installing: /work/install-core/deps/eigen3/include/eigen3/Eigen/src/Geometry
-- Installing: /work/install-core/deps/eigen3/include/eigen3/Eigen/src/Geometry/AngleAxis.h
-- Installing: /work/install-core/deps/eigen3/include/eigen3/Eigen/src/Geometry/RotationBase.h
-- Installing: /work/install-core/deps/eigen3/include/eigen3/Eigen/src/Geometry/EulerAngles.h
-- Installing: /work/install-core/deps/eigen3/include/eigen3/Eigen/src/Geometry/Hyperplane.h
-- Installing: /work/install-core/deps/eigen3/include/eigen3/Eigen/src/Geometry/Homogeneous.h
-- Installing: /work/install-core/deps/eigen3/include/eigen3/Eigen/src/Geometry/AlignedBox.h
-- Installing: /work/install-core/deps/eigen3/include/eigen3/Eigen/src/Geometry/Quaternion.h
-- Installing: /work/install-core/deps/eigen3/include/eigen3/Eigen/src/Geometry/Umeyama.h
-- Installing: /work/install-core/deps/eigen3/include/eigen3/Eigen/src/Geometry/Translation.h
-- Installing: /work/install-core/deps/eigen3/include/eigen3/Eigen/src/Geometry/Scaling.h
-- Installing: /work/install-core/deps/eigen3/include/eigen3/Eigen/src/Geometry/OrthoMethods.h
-- Installing: /work/install-core/deps/eigen3/include/eigen3/Eigen/src/Geometry/Rotation2D.h
-- Installing: /work/install-core/deps/eigen3/include/eigen3/Eigen/src/Geometry/arch
-- Installing: /work/install-core/deps/eigen3/include/eigen3/Eigen/src/Geometry/arch/Geometry_SIMD.h
-- Installing: /work/install-core/deps/eigen3/include/eigen3/Eigen/src/Geometry/Transform.h
-- Installing: /work/install-core/deps/eigen3/include/eigen3/Eigen/src/Geometry/ParametrizedLine.h
-- Installing: /work/install-core/deps/eigen3/include/eigen3/Eigen/src/SuperLUSupport
-- Installing: /work/install-core/deps/eigen3/include/eigen3/Eigen/src/SuperLUSupport/SuperLUSupport.h
-- Installing: /work/install-core/deps/eigen3/include/eigen3/Eigen/src/MetisSupport
-- Installing: /work/install-core/deps/eigen3/include/eigen3/Eigen/src/MetisSupport/MetisSupport.h
-- Installing: /work/install-core/deps/eigen3/include/eigen3/Eigen/src/StlSupport
-- Installing: /work/install-core/deps/eigen3/include/eigen3/Eigen/src/StlSupport/StdList.h
-- Installing: /work/install-core/deps/eigen3/include/eigen3/Eigen/src/StlSupport/StdDeque.h
-- Installing: /work/install-core/deps/eigen3/include/eigen3/Eigen/src/StlSupport/details.h
-- Installing: /work/install-core/deps/eigen3/include/eigen3/Eigen/src/StlSupport/StdVector.h
-- Installing: /work/install-core/deps/eigen3/include/eigen3/Eigen/src/SparseCholesky
-- Installing: /work/install-core/deps/eigen3/include/eigen3/Eigen/src/SparseCholesky/SimplicialCholesky_impl.h
-- Installing: /work/install-core/deps/eigen3/include/eigen3/Eigen/src/SparseCholesky/SimplicialCholesky.h
-- Installing: /work/install-core/deps/eigen3/include/eigen3/Eigen/src/Eigenvalues
-- Installing: /work/install-core/deps/eigen3/include/eigen3/Eigen/src/Eigenvalues/GeneralizedEigenSolver.h
-- Installing: /work/install-core/deps/eigen3/include/eigen3/Eigen/src/Eigenvalues/EigenSolver.h
-- Installing: /work/install-core/deps/eigen3/include/eigen3/Eigen/src/Eigenvalues/RealSchur_LAPACKE.h
-- Installing: /work/install-core/deps/eigen3/include/eigen3/Eigen/src/Eigenvalues/RealSchur.h
-- Installing: /work/install-core/deps/eigen3/include/eigen3/Eigen/src/Eigenvalues/ComplexSchur_LAPACKE.h
-- Installing: /work/install-core/deps/eigen3/include/eigen3/Eigen/src/Eigenvalues/Tridiagonalization.h
-- Installing: /work/install-core/deps/eigen3/include/eigen3/Eigen/src/Eigenvalues/HessenbergDecomposition.h
-- Installing: /work/install-core/deps/eigen3/include/eigen3/Eigen/src/Eigenvalues/ComplexEigenSolver.h
-- Installing: /work/install-core/deps/eigen3/include/eigen3/Eigen/src/Eigenvalues/GeneralizedSelfAdjointEigenSolver.h
-- Installing: /work/install-core/deps/eigen3/include/eigen3/Eigen/src/Eigenvalues/SelfAdjointEigenSolver_LAPACKE.h
-- Installing: /work/install-core/deps/eigen3/include/eigen3/Eigen/src/Eigenvalues/ComplexSchur.h
-- Installing: /work/install-core/deps/eigen3/include/eigen3/Eigen/src/Eigenvalues/SelfAdjointEigenSolver.h
-- Installing: /work/install-core/deps/eigen3/include/eigen3/Eigen/src/Eigenvalues/RealQZ.h
-- Installing: /work/install-core/deps/eigen3/include/eigen3/Eigen/src/Eigenvalues/MatrixBaseEigenvalues.h
-- Installing: /work/install-core/deps/eigen3/include/eigen3/Eigen/src/PaStiXSupport
-- Installing: /work/install-core/deps/eigen3/include/eigen3/Eigen/src/PaStiXSupport/PaStiXSupport.h
-- Installing: /work/install-core/deps/eigen3/include/eigen3/Eigen/src/KLUSupport
-- Installing: /work/install-core/deps/eigen3/include/eigen3/Eigen/src/KLUSupport/KLUSupport.h
-- Installing: /work/install-core/deps/eigen3/include/eigen3/Eigen/KLUSupport
-- Installing: /work/install-core/deps/eigen3/share
-- Installing: /work/install-core/deps/eigen3/share/pkgconfig
-- Installing: /work/install-core/deps/eigen3/share/pkgconfig/eigen3.pc
-- Installing: /work/install-core/deps/eigen3/share/eigen3
-- Installing: /work/install-core/deps/eigen3/share/eigen3/cmake
-- Installing: /work/install-core/deps/eigen3/share/eigen3/cmake/Eigen3Config.cmake
-- Installing: /work/install-core/deps/eigen3/share/eigen3/cmake/Eigen3ConfigVersion.cmake
-- Installing: /work/install-core/deps/eigen3/share/eigen3/cmake/UseEigen3.cmake
-- Installing: /work/install-core/deps/eigen3/share/eigen3/cmake/Eigen3Targets.cmake
-- Up-to-date: /work/install-core/include/pybind11
-- Up-to-date: /work/install-core/include/pybind11/attr.h
-- Up-to-date: /work/install-core/include/pybind11/embed.h
-- Up-to-date: /work/install-core/include/pybind11/numpy.h
-- Up-to-date: /work/install-core/include/pybind11/pybind11.h
-- Up-to-date: /work/install-core/include/pybind11/operators.h
-- Up-to-date: /work/install-core/include/pybind11/iostream.h
-- Up-to-date: /work/install-core/include/pybind11/gil.h
-- Up-to-date: /work/install-core/include/pybind11/chrono.h
-- Up-to-date: /work/install-core/include/pybind11/typing.h
-- Up-to-date: /work/install-core/include/pybind11/stl_bind.h
-- Up-to-date: /work/install-core/include/pybind11/buffer_info.h
-- Up-to-date: /work/install-core/include/pybind11/options.h
-- Up-to-date: /work/install-core/include/pybind11/eigen
-- Up-to-date: /work/install-core/include/pybind11/eigen/matrix.h
-- Up-to-date: /work/install-core/include/pybind11/eigen/common.h
-- Up-to-date: /work/install-core/include/pybind11/eigen/tensor.h
-- Up-to-date: /work/install-core/include/pybind11/stl
-- Up-to-date: /work/install-core/include/pybind11/stl/filesystem.h
-- Up-to-date: /work/install-core/include/pybind11/functional.h
-- Up-to-date: /work/install-core/include/pybind11/stl.h
-- Up-to-date: /work/install-core/include/pybind11/detail
-- Up-to-date: /work/install-core/include/pybind11/detail/type_caster_base.h
-- Up-to-date: /work/install-core/include/pybind11/detail/typeid.h
-- Up-to-date: /work/install-core/include/pybind11/detail/descr.h
-- Up-to-date: /work/install-core/include/pybind11/detail/internals.h
-- Up-to-date: /work/install-core/include/pybind11/detail/common.h
-- Up-to-date: /work/install-core/include/pybind11/detail/class.h
-- Up-to-date: /work/install-core/include/pybind11/detail/init.h
-- Up-to-date: /work/install-core/include/pybind11/common.h
-- Up-to-date: /work/install-core/include/pybind11/eval.h
-- Up-to-date: /work/install-core/include/pybind11/cast.h
-- Up-to-date: /work/install-core/include/pybind11/type_caster_pyobject_ptr.h
-- Up-to-date: /work/install-core/include/pybind11/eigen.h
-- Up-to-date: /work/install-core/include/pybind11/gil_safe_call_once.h
-- Up-to-date: /work/install-core/include/pybind11/pytypes.h
-- Up-to-date: /work/install-core/include/pybind11/complex.h
-- Installing: /work/install-core/share/cmake/pybind11/pybind11Config.cmake
-- Installing: /work/install-core/share/cmake/pybind11/pybind11ConfigVersion.cmake
-- Installing: /work/install-core/share/cmake/pybind11/FindPythonLibsNew.cmake
-- Installing: /work/install-core/share/cmake/pybind11/pybind11Common.cmake
-- Installing: /work/install-core/share/cmake/pybind11/pybind11Tools.cmake
-- Installing: /work/install-core/share/cmake/pybind11/pybind11NewTools.cmake
-- Installing: /work/install-core/share/cmake/pybind11/pybind11Targets.cmake
-- Installing: /work/install-core/share/pkgconfig/pybind11.pc
-- Up-to-date: /work/install-core/cmake/pybind11/pybind11
-- Up-to-date: /work/install-core/cmake/pybind11/pybind11/pybind11NewTools.cmake
-- Up-to-date: /work/install-core/cmake/pybind11/pybind11/pybind11Targets.cmake
-- Up-to-date: /work/install-core/cmake/pybind11/pybind11/pybind11Tools.cmake
-- Up-to-date: /work/install-core/cmake/pybind11/pybind11/pybind11ConfigVersion.cmake
-- Up-to-date: /work/install-core/cmake/pybind11/pybind11/FindPythonLibsNew.cmake
-- Up-to-date: /work/install-core/cmake/pybind11/pybind11/pybind11Config.cmake
-- Up-to-date: /work/install-core/cmake/pybind11/pybind11/pybind11Common.cmake
-- Up-to-date: /work/install-core/lib/libyaml-cpp.so.0.8.0
-- Up-to-date: /work/install-core/lib/libyaml-cpp.so.0.8
-- Up-to-date: /work/install-core/lib/libyaml-cpp.so
-- Up-to-date: /work/install-core/include
-- Up-to-date: /work/install-core/include/yaml-cpp
-- Up-to-date: /work/install-core/include/yaml-cpp/traits.h
-- Up-to-date: /work/install-core/include/yaml-cpp/eventhandler.h
-- Up-to-date: /work/install-core/include/yaml-cpp/emitter.h
-- Up-to-date: /work/install-core/include/yaml-cpp/anchor.h
-- Up-to-date: /work/install-core/include/yaml-cpp/mark.h
-- Up-to-date: /work/install-core/include/yaml-cpp/emitterdef.h
-- Up-to-date: /work/install-core/include/yaml-cpp/parser.h
-- Up-to-date: /work/install-core/include/yaml-cpp/null.h
-- Up-to-date: /work/install-core/include/yaml-cpp/exceptions.h
-- Up-to-date: /work/install-core/include/yaml-cpp/emitterstyle.h
-- Up-to-date: /work/install-core/include/yaml-cpp/noexcept.h
-- Up-to-date: /work/install-core/include/yaml-cpp/emittermanip.h
-- Up-to-date: /work/install-core/include/yaml-cpp/emitfromevents.h
-- Up-to-date: /work/install-core/include/yaml-cpp/dll.h
-- Up-to-date: /work/install-core/include/yaml-cpp/fptostring.h
-- Up-to-date: /work/install-core/include/yaml-cpp/contrib
-- Up-to-date: /work/install-core/include/yaml-cpp/contrib/graphbuilder.h
-- Up-to-date: /work/install-core/include/yaml-cpp/contrib/anchordict.h
-- Up-to-date: /work/install-core/include/yaml-cpp/yaml.h
-- Up-to-date: /work/install-core/include/yaml-cpp/node
-- Up-to-date: /work/install-core/include/yaml-cpp/node/type.h
-- Up-to-date: /work/install-core/include/yaml-cpp/node/parse.h
-- Up-to-date: /work/install-core/include/yaml-cpp/node/node.h
-- Up-to-date: /work/install-core/include/yaml-cpp/node/detail
-- Up-to-date: /work/install-core/include/yaml-cpp/node/detail/node_data.h
-- Up-to-date: /work/install-core/include/yaml-cpp/node/detail/node_ref.h
-- Up-to-date: /work/install-core/include/yaml-cpp/node/detail/node.h
-- Up-to-date: /work/install-core/include/yaml-cpp/node/detail/memory.h
-- Up-to-date: /work/install-core/include/yaml-cpp/node/detail/node_iterator.h
-- Up-to-date: /work/install-core/include/yaml-cpp/node/detail/impl.h
-- Up-to-date: /work/install-core/include/yaml-cpp/node/detail/iterator_fwd.h
-- Up-to-date: /work/install-core/include/yaml-cpp/node/detail/iterator.h
-- Up-to-date: /work/install-core/include/yaml-cpp/node/ptr.h
-- Up-to-date: /work/install-core/include/yaml-cpp/node/convert.h
-- Up-to-date: /work/install-core/include/yaml-cpp/node/impl.h
-- Up-to-date: /work/install-core/include/yaml-cpp/node/emit.h
-- Up-to-date: /work/install-core/include/yaml-cpp/node/iterator.h
-- Up-to-date: /work/install-core/include/yaml-cpp/ostream_wrapper.h
-- Up-to-date: /work/install-core/include/yaml-cpp/stlemitter.h
-- Up-to-date: /work/install-core/include/yaml-cpp/binary.h
-- Up-to-date: /work/install-core/include/yaml-cpp/depthguard.h
-- Up-to-date: /work/install-core/cmake/yaml-cpp/yaml-cpp-targets.cmake
-- Up-to-date: /work/install-core/cmake/yaml-cpp/yaml-cpp-targets-release.cmake
-- Up-to-date: /work/install-core/cmake/yaml-cpp/yaml-cpp-config.cmake
-- Up-to-date: /work/install-core/cmake/yaml-cpp/yaml-cpp-config-version.cmake
-- Up-to-date: /work/install-core/lib/pkgconfig/yaml-cpp.pc
-- Up-to-date: /work/install-core/include
-- Up-to-date: /work/install-core/include/nlohmann
-- Up-to-date: /work/install-core/include/nlohmann/json.hpp
-- Installing: /work/install-core/lib/cmake/nlohmann_json/nlohmann_jsonConfig.cmake
-- Installing: /work/install-core/lib/cmake/nlohmann_json/nlohmann_jsonConfigVersion.cmake
-- Installing: /work/install-core/lib/cmake/nlohmann_json/nlohmann_jsonTargets.cmake
-- Up-to-date: /work/install-core/cmake/nlohmann/nlohmann_json
-- Up-to-date: /work/install-core/cmake/nlohmann/nlohmann_json/nlohmann_jsonTargets.cmake
-- Up-to-date: /work/install-core/cmake/nlohmann/nlohmann_json/nlohmann_jsonConfigVersion.cmake
-- Up-to-date: /work/install-core/cmake/nlohmann/nlohmann_json/nlohmann_jsonConfig.cmake
-- Up-to-date: /work/install-core/cmake/range-v3/range-v3-targets.cmake
-- Up-to-date: /work/install-core/cmake/range-v3/range-v3-config-version.cmake
-- Up-to-date: /work/install-core/cmake/range-v3/range-v3-config.cmake
-- Up-to-date: /work/install-core/include
-- Up-to-date: /work/install-core/include/meta
-- Up-to-date: /work/install-core/include/meta/meta_fwd.hpp
-- Up-to-date: /work/install-core/include/meta/meta.hpp
-- Up-to-date: /work/install-core/include/std
-- Up-to-date: /work/install-core/include/std/iterator
-- Up-to-date: /work/install-core/include/std/detail
-- Up-to-date: /work/install-core/include/std/detail/associated_types.hpp
-- Up-to-date: /work/install-core/include/concepts
-- Up-to-date: /work/install-core/include/concepts/concepts.hpp
-- Up-to-date: /work/install-core/include/concepts/type_traits.hpp
-- Up-to-date: /work/install-core/include/concepts/swap.hpp
-- Up-to-date: /work/install-core/include/concepts/compare.hpp
-- Up-to-date: /work/install-core/include/module.modulemap
-- Up-to-date: /work/install-core/include/range
-- Up-to-date: /work/install-core/include/range/v3
-- Up-to-date: /work/install-core/include/range/v3/view_interface.hpp
-- Up-to-date: /work/install-core/include/range/v3/experimental
-- Up-to-date: /work/install-core/include/range/v3/experimental/view
-- Up-to-date: /work/install-core/include/range/v3/experimental/view/shared.hpp
-- Up-to-date: /work/install-core/include/range/v3/experimental/utility
-- Up-to-date: /work/install-core/include/range/v3/experimental/utility/generator.hpp
-- Up-to-date: /work/install-core/include/range/v3/action.hpp
-- Up-to-date: /work/install-core/include/range/v3/utility.hpp
-- Up-to-date: /work/install-core/include/range/v3/span.hpp
-- Up-to-date: /work/install-core/include/range/v3/at.hpp
-- Up-to-date: /work/install-core/include/range/v3/range_traits.hpp
-- Up-to-date: /work/install-core/include/range/v3/index.hpp
-- Up-to-date: /work/install-core/include/range/v3/size.hpp
-- Up-to-date: /work/install-core/include/range/v3/getlines.hpp
-- Up-to-date: /work/install-core/include/range/v3/iterator_range.hpp
-- Up-to-date: /work/install-core/include/range/v3/empty.hpp
-- Up-to-date: /work/install-core/include/range/v3/range_for.hpp
-- Up-to-date: /work/install-core/include/range/v3/all.hpp
-- Up-to-date: /work/install-core/include/range/v3/algorithm.hpp
-- Up-to-date: /work/install-core/include/range/v3/range_fwd.hpp
-- Up-to-date: /work/install-core/include/range/v3/range_access.hpp
-- Up-to-date: /work/install-core/include/range/v3/distance.hpp
-- Up-to-date: /work/install-core/include/range/v3/algorithm
-- Up-to-date: /work/install-core/include/range/v3/algorithm/max_element.hpp
-- Up-to-date: /work/install-core/include/range/v3/algorithm/minmax_element.hpp
-- Up-to-date: /work/install-core/include/range/v3/algorithm/remove_if.hpp
-- Up-to-date: /work/install-core/include/range/v3/algorithm/nth_element.hpp
-- Up-to-date: /work/install-core/include/range/v3/algorithm/find_first_of.hpp
-- Up-to-date: /work/install-core/include/range/v3/algorithm/any_of.hpp
-- Up-to-date: /work/install-core/include/range/v3/algorithm/for_each_n.hpp
-- Up-to-date: /work/install-core/include/range/v3/algorithm/min.hpp
-- Up-to-date: /work/install-core/include/range/v3/algorithm/upper_bound.hpp
-- Up-to-date: /work/install-core/include/range/v3/algorithm/find_if_not.hpp
-- Up-to-date: /work/install-core/include/range/v3/algorithm/fill_n.hpp
-- Up-to-date: /work/install-core/include/range/v3/algorithm/stable_partition.hpp
-- Up-to-date: /work/install-core/include/range/v3/algorithm/permutation.hpp
-- Up-to-date: /work/install-core/include/range/v3/algorithm/equal_range.hpp
-- Up-to-date: /work/install-core/include/range/v3/algorithm/fold_right.hpp
-- Up-to-date: /work/install-core/include/range/v3/algorithm/replace_copy_if.hpp
-- Up-to-date: /work/install-core/include/range/v3/algorithm/generate.hpp
-- Up-to-date: /work/install-core/include/range/v3/algorithm/swap_ranges.hpp
-- Up-to-date: /work/install-core/include/range/v3/algorithm/ends_with.hpp
-- Up-to-date: /work/install-core/include/range/v3/algorithm/equal.hpp
-- Up-to-date: /work/install-core/include/range/v3/algorithm/is_sorted.hpp
-- Up-to-date: /work/install-core/include/range/v3/algorithm/result_types.hpp
-- Up-to-date: /work/install-core/include/range/v3/algorithm/rotate.hpp
-- Up-to-date: /work/install-core/include/range/v3/algorithm/adjacent_find.hpp
-- Up-to-date: /work/install-core/include/range/v3/algorithm/lower_bound.hpp
-- Up-to-date: /work/install-core/include/range/v3/algorithm/unique.hpp
-- Up-to-date: /work/install-core/include/range/v3/algorithm/partition.hpp
-- Up-to-date: /work/install-core/include/range/v3/algorithm/transform.hpp
-- Up-to-date: /work/install-core/include/range/v3/algorithm/replace_if.hpp
-- Up-to-date: /work/install-core/include/range/v3/algorithm/move.hpp
-- Up-to-date: /work/install-core/include/range/v3/algorithm/search.hpp
-- Up-to-date: /work/install-core/include/range/v3/algorithm/binary_search.hpp
-- Up-to-date: /work/install-core/include/range/v3/algorithm/reverse_copy.hpp
-- Up-to-date: /work/install-core/include/range/v3/algorithm/fold_left.hpp
-- Up-to-date: /work/install-core/include/range/v3/algorithm/set_algorithm.hpp
-- Up-to-date: /work/install-core/include/range/v3/algorithm/tagspec.hpp
-- Up-to-date: /work/install-core/include/range/v3/algorithm/stable_sort.hpp
-- Up-to-date: /work/install-core/include/range/v3/algorithm/is_sorted_until.hpp
-- Up-to-date: /work/install-core/include/range/v3/algorithm/fold.hpp
-- Up-to-date: /work/install-core/include/range/v3/algorithm/shuffle.hpp
-- Up-to-date: /work/install-core/include/range/v3/algorithm/find_if.hpp
-- Up-to-date: /work/install-core/include/range/v3/algorithm/replace.hpp
-- Up-to-date: /work/install-core/include/range/v3/algorithm/min_element.hpp
-- Up-to-date: /work/install-core/include/range/v3/algorithm/copy_if.hpp
-- Up-to-date: /work/install-core/include/range/v3/algorithm/rotate_copy.hpp
-- Up-to-date: /work/install-core/include/range/v3/algorithm/merge.hpp
-- Up-to-date: /work/install-core/include/range/v3/algorithm/find.hpp
-- Up-to-date: /work/install-core/include/range/v3/algorithm/fill.hpp
-- Up-to-date: /work/install-core/include/range/v3/algorithm/lexicographical_compare.hpp
-- Up-to-date: /work/install-core/include/range/v3/algorithm/partial_sort.hpp
-- Up-to-date: /work/install-core/include/range/v3/algorithm/max.hpp
-- Up-to-date: /work/install-core/include/range/v3/algorithm/replace_copy.hpp
-- Up-to-date: /work/install-core/include/range/v3/algorithm/heap_algorithm.hpp
-- Up-to-date: /work/install-core/include/range/v3/algorithm/sample.hpp
-- Up-to-date: /work/install-core/include/range/v3/algorithm/is_partitioned.hpp
-- Up-to-date: /work/install-core/include/range/v3/algorithm/mismatch.hpp
-- Up-to-date: /work/install-core/include/range/v3/algorithm/reverse.hpp
-- Up-to-date: /work/install-core/include/range/v3/algorithm/sort.hpp
-- Up-to-date: /work/install-core/include/range/v3/algorithm/remove.hpp
-- Up-to-date: /work/install-core/include/range/v3/algorithm/copy_backward.hpp
-- Up-to-date: /work/install-core/include/range/v3/algorithm/for_each.hpp
-- Up-to-date: /work/install-core/include/range/v3/algorithm/count.hpp
-- Up-to-date: /work/install-core/include/range/v3/algorithm/generate_n.hpp
-- Up-to-date: /work/install-core/include/range/v3/algorithm/partition_copy.hpp
-- Up-to-date: /work/install-core/include/range/v3/algorithm/minmax.hpp
-- Up-to-date: /work/install-core/include/range/v3/algorithm/remove_copy.hpp
-- Up-to-date: /work/install-core/include/range/v3/algorithm/move_backward.hpp
-- Up-to-date: /work/install-core/include/range/v3/algorithm/starts_with.hpp
-- Up-to-date: /work/install-core/include/range/v3/algorithm/find_end.hpp
-- Up-to-date: /work/install-core/include/range/v3/algorithm/search_n.hpp
-- Up-to-date: /work/install-core/include/range/v3/algorithm/adjacent_remove_if.hpp
-- Up-to-date: /work/install-core/include/range/v3/algorithm/copy_n.hpp
-- Up-to-date: /work/install-core/include/range/v3/algorithm/aux_
-- Up-to-date: /work/install-core/include/range/v3/algorithm/aux_/merge_n_with_buffer.hpp
-- Up-to-date: /work/install-core/include/range/v3/algorithm/aux_/sort_n_with_buffer.hpp
-- Up-to-date: /work/install-core/include/range/v3/algorithm/aux_/equal_range_n.hpp
-- Up-to-date: /work/install-core/include/range/v3/algorithm/aux_/partition_point_n.hpp
-- Up-to-date: /work/install-core/include/range/v3/algorithm/aux_/upper_bound_n.hpp
-- Up-to-date: /work/install-core/include/range/v3/algorithm/aux_/merge_n.hpp
-- Up-to-date: /work/install-core/include/range/v3/algorithm/aux_/lower_bound_n.hpp
-- Up-to-date: /work/install-core/include/range/v3/algorithm/none_of.hpp
-- Up-to-date: /work/install-core/include/range/v3/algorithm/inplace_merge.hpp
-- Up-to-date: /work/install-core/include/range/v3/algorithm/unique_copy.hpp
-- Up-to-date: /work/install-core/include/range/v3/algorithm/copy.hpp
-- Up-to-date: /work/install-core/include/range/v3/algorithm/partial_sort_copy.hpp
-- Up-to-date: /work/install-core/include/range/v3/algorithm/all_of.hpp
-- Up-to-date: /work/install-core/include/range/v3/algorithm/partition_point.hpp
-- Up-to-date: /work/install-core/include/range/v3/algorithm/remove_copy_if.hpp
-- Up-to-date: /work/install-core/include/range/v3/algorithm/unstable_remove_if.hpp
-- Up-to-date: /work/install-core/include/range/v3/algorithm/count_if.hpp
-- Up-to-date: /work/install-core/include/range/v3/algorithm/contains.hpp
-- Up-to-date: /work/install-core/include/range/v3/istream_range.hpp
-- Up-to-date: /work/install-core/include/range/v3/functional.hpp
-- Up-to-date: /work/install-core/include/range/v3/version.hpp
-- Up-to-date: /work/install-core/include/range/v3/action
-- Up-to-date: /work/install-core/include/range/v3/action/concepts.hpp
-- Up-to-date: /work/install-core/include/range/v3/action/remove_if.hpp
-- Up-to-date: /work/install-core/include/range/v3/action/join.hpp
-- Up-to-date: /work/install-core/include/range/v3/action/split_when.hpp
-- Up-to-date: /work/install-core/include/range/v3/action/insert.hpp
-- Up-to-date: /work/install-core/include/range/v3/action/action.hpp
-- Up-to-date: /work/install-core/include/range/v3/action/push_front.hpp
-- Up-to-date: /work/install-core/include/range/v3/action/unique.hpp
-- Up-to-date: /work/install-core/include/range/v3/action/transform.hpp
-- Up-to-date: /work/install-core/include/range/v3/action/stable_sort.hpp
-- Up-to-date: /work/install-core/include/range/v3/action/shuffle.hpp
-- Up-to-date: /work/install-core/include/range/v3/action/push_back.hpp
-- Up-to-date: /work/install-core/include/range/v3/action/drop.hpp
-- Up-to-date: /work/install-core/include/range/v3/action/slice.hpp
-- Up-to-date: /work/install-core/include/range/v3/action/drop_while.hpp
-- Up-to-date: /work/install-core/include/range/v3/action/take_while.hpp
-- Up-to-date: /work/install-core/include/range/v3/action/take.hpp
-- Up-to-date: /work/install-core/include/range/v3/action/reverse.hpp
-- Up-to-date: /work/install-core/include/range/v3/action/sort.hpp
-- Up-to-date: /work/install-core/include/range/v3/action/remove.hpp
-- Up-to-date: /work/install-core/include/range/v3/action/adjacent_remove_if.hpp
-- Up-to-date: /work/install-core/include/range/v3/action/unstable_remove_if.hpp
-- Up-to-date: /work/install-core/include/range/v3/action/stride.hpp
-- Up-to-date: /work/install-core/include/range/v3/action/erase.hpp
-- Up-to-date: /work/install-core/include/range/v3/action/split.hpp
-- Up-to-date: /work/install-core/include/range/v3/iterator
-- Up-to-date: /work/install-core/include/range/v3/iterator/concepts.hpp
-- Up-to-date: /work/install-core/include/range/v3/iterator/stream_iterators.hpp
-- Up-to-date: /work/install-core/include/range/v3/iterator/access.hpp
-- Up-to-date: /work/install-core/include/range/v3/iterator/default_sentinel.hpp
-- Up-to-date: /work/install-core/include/range/v3/iterator/common_iterator.hpp
-- Up-to-date: /work/install-core/include/range/v3/iterator/insert_iterators.hpp
-- Up-to-date: /work/install-core/include/range/v3/iterator/counted_iterator.hpp
-- Up-to-date: /work/install-core/include/range/v3/iterator/traits.hpp
-- Up-to-date: /work/install-core/include/range/v3/iterator/unreachable_sentinel.hpp
-- Up-to-date: /work/install-core/include/range/v3/iterator/diffmax_t.hpp
-- Up-to-date: /work/install-core/include/range/v3/iterator/move_iterators.hpp
-- Up-to-date: /work/install-core/include/range/v3/iterator/basic_iterator.hpp
-- Up-to-date: /work/install-core/include/range/v3/iterator/operations.hpp
-- Up-to-date: /work/install-core/include/range/v3/iterator/reverse_iterator.hpp
-- Up-to-date: /work/install-core/include/range/v3/numeric
-- Up-to-date: /work/install-core/include/range/v3/numeric/accumulate.hpp
-- Up-to-date: /work/install-core/include/range/v3/numeric/adjacent_difference.hpp
-- Up-to-date: /work/install-core/include/range/v3/numeric/iota.hpp
-- Up-to-date: /work/install-core/include/range/v3/numeric/partial_sum.hpp
-- Up-to-date: /work/install-core/include/range/v3/numeric/inner_product.hpp
-- Up-to-date: /work/install-core/include/range/v3/detail
-- Up-to-date: /work/install-core/include/range/v3/detail/satisfy_boost_range.hpp
-- Up-to-date: /work/install-core/include/range/v3/detail/adl_get.hpp
-- Up-to-date: /work/install-core/include/range/v3/detail/config.hpp
-- Up-to-date: /work/install-core/include/range/v3/detail/variant.hpp
-- Up-to-date: /work/install-core/include/range/v3/detail/range_access.hpp
-- Up-to-date: /work/install-core/include/range/v3/detail/prologue.hpp
-- Up-to-date: /work/install-core/include/range/v3/detail/with_braced_init_args.hpp
-- Up-to-date: /work/install-core/include/range/v3/detail/epilogue.hpp
-- Up-to-date: /work/install-core/include/range/v3/view_adaptor.hpp
-- Up-to-date: /work/install-core/include/range/v3/view.hpp
-- Up-to-date: /work/install-core/include/range/v3/view
-- Up-to-date: /work/install-core/include/range/v3/view/any_view.hpp
-- Up-to-date: /work/install-core/include/range/v3/view/remove_if.hpp
-- Up-to-date: /work/install-core/include/range/v3/view/join.hpp
-- Up-to-date: /work/install-core/include/range/v3/view/split_when.hpp
-- Up-to-date: /work/install-core/include/range/v3/view/sliding.hpp
-- Up-to-date: /work/install-core/include/range/v3/view/zip.hpp
-- Up-to-date: /work/install-core/include/range/v3/view/enumerate.hpp
-- Up-to-date: /work/install-core/include/range/v3/view/span.hpp
-- Up-to-date: /work/install-core/include/range/v3/view/unbounded.hpp
-- Up-to-date: /work/install-core/include/range/v3/view/group_by.hpp
-- Up-to-date: /work/install-core/include/range/v3/view/zip_with.hpp
-- Up-to-date: /work/install-core/include/range/v3/view/generate.hpp
-- Up-to-date: /work/install-core/include/range/v3/view/delimit.hpp
-- Up-to-date: /work/install-core/include/range/v3/view/const.hpp
-- Up-to-date: /work/install-core/include/range/v3/view/getlines.hpp
-- Up-to-date: /work/install-core/include/range/v3/view/drop_exactly.hpp
-- Up-to-date: /work/install-core/include/range/v3/view/adjacent_filter.hpp
-- Up-to-date: /work/install-core/include/range/v3/view/counted.hpp
-- Up-to-date: /work/install-core/include/range/v3/view/c_str.hpp
-- Up-to-date: /work/install-core/include/range/v3/view/interface.hpp
-- Up-to-date: /work/install-core/include/range/v3/view/map.hpp
-- Up-to-date: /work/install-core/include/range/v3/view/unique.hpp
-- Up-to-date: /work/install-core/include/range/v3/view/transform.hpp
-- Up-to-date: /work/install-core/include/range/v3/view/replace_if.hpp
-- Up-to-date: /work/install-core/include/range/v3/view/move.hpp
-- Up-to-date: /work/install-core/include/range/v3/view/empty.hpp
-- Up-to-date: /work/install-core/include/range/v3/view/cartesian_product.hpp
-- Up-to-date: /work/install-core/include/range/v3/view/take_last.hpp
-- Up-to-date: /work/install-core/include/range/v3/view/all.hpp
-- Up-to-date: /work/install-core/include/range/v3/view/trim.hpp
-- Up-to-date: /work/install-core/include/range/v3/view/istream.hpp
-- Up-to-date: /work/install-core/include/range/v3/view/repeat.hpp
-- Up-to-date: /work/install-core/include/range/v3/view/set_algorithm.hpp
-- Up-to-date: /work/install-core/include/range/v3/view/linear_distribute.hpp
-- Up-to-date: /work/install-core/include/range/v3/view/bounded.hpp
-- Up-to-date: /work/install-core/include/range/v3/view/replace.hpp
-- Up-to-date: /work/install-core/include/range/v3/view/cache1.hpp
-- Up-to-date: /work/install-core/include/range/v3/view/subrange.hpp
-- Up-to-date: /work/install-core/include/range/v3/view/drop.hpp
-- Up-to-date: /work/install-core/include/range/v3/view/take_exactly.hpp
-- Up-to-date: /work/install-core/include/range/v3/view/exclusive_scan.hpp
-- Up-to-date: /work/install-core/include/range/v3/view/slice.hpp
-- Up-to-date: /work/install-core/include/range/v3/view/drop_while.hpp
-- Up-to-date: /work/install-core/include/range/v3/view/drop_last.hpp
-- Up-to-date: /work/install-core/include/range/v3/view/addressof.hpp
-- Up-to-date: /work/install-core/include/range/v3/view/tail.hpp
-- Up-to-date: /work/install-core/include/range/v3/view/take_while.hpp
-- Up-to-date: /work/install-core/include/range/v3/view/sample.hpp
-- Up-to-date: /work/install-core/include/range/v3/view/take.hpp
-- Up-to-date: /work/install-core/include/range/v3/view/repeat_n.hpp
-- Up-to-date: /work/install-core/include/range/v3/view/view.hpp
-- Up-to-date: /work/install-core/include/range/v3/view/reverse.hpp
-- Up-to-date: /work/install-core/include/range/v3/view/remove.hpp
-- Up-to-date: /work/install-core/include/range/v3/view/chunk.hpp
-- Up-to-date: /work/install-core/include/range/v3/view/filter.hpp
-- Up-to-date: /work/install-core/include/range/v3/view/for_each.hpp
-- Up-to-date: /work/install-core/include/range/v3/view/concat.hpp
-- Up-to-date: /work/install-core/include/range/v3/view/cycle.hpp
-- Up-to-date: /work/install-core/include/range/v3/view/generate_n.hpp
-- Up-to-date: /work/install-core/include/range/v3/view/iota.hpp
-- Up-to-date: /work/install-core/include/range/v3/view/indices.hpp
-- Up-to-date: /work/install-core/include/range/v3/view/partial_sum.hpp
-- Up-to-date: /work/install-core/include/range/v3/view/common.hpp
-- Up-to-date: /work/install-core/include/range/v3/view/adjacent_remove_if.hpp
-- Up-to-date: /work/install-core/include/range/v3/view/indirect.hpp
-- Up-to-date: /work/install-core/include/range/v3/view/single.hpp
-- Up-to-date: /work/install-core/include/range/v3/view/facade.hpp
-- Up-to-date: /work/install-core/include/range/v3/view/chunk_by.hpp
-- Up-to-date: /work/install-core/include/range/v3/view/stride.hpp
-- Up-to-date: /work/install-core/include/range/v3/view/intersperse.hpp
-- Up-to-date: /work/install-core/include/range/v3/view/adaptor.hpp
-- Up-to-date: /work/install-core/include/range/v3/view/ref.hpp
-- Up-to-date: /work/install-core/include/range/v3/view/tokenize.hpp
-- Up-to-date: /work/install-core/include/range/v3/view/split.hpp
-- Up-to-date: /work/install-core/include/range/v3/numeric.hpp
-- Up-to-date: /work/install-core/include/range/v3/data.hpp
-- Up-to-date: /work/install-core/include/range/v3/view_facade.hpp
-- Up-to-date: /work/install-core/include/range/v3/to_container.hpp
-- Up-to-date: /work/install-core/include/range/v3/range.hpp
-- Up-to-date: /work/install-core/include/range/v3/range
-- Up-to-date: /work/install-core/include/range/v3/range/concepts.hpp
-- Up-to-date: /work/install-core/include/range/v3/range/conversion.hpp
-- Up-to-date: /work/install-core/include/range/v3/range/access.hpp
-- Up-to-date: /work/install-core/include/range/v3/range/traits.hpp
-- Up-to-date: /work/install-core/include/range/v3/range/primitives.hpp
-- Up-to-date: /work/install-core/include/range/v3/range/dangling.hpp
-- Up-to-date: /work/install-core/include/range/v3/range/operations.hpp
-- Up-to-date: /work/install-core/include/range/v3/range_concepts.hpp
-- Up-to-date: /work/install-core/include/range/v3/begin_end.hpp
-- Up-to-date: /work/install-core/include/range/v3/compare.hpp
-- Up-to-date: /work/install-core/include/range/v3/iterator.hpp
-- Up-to-date: /work/install-core/include/range/v3/front.hpp
-- Up-to-date: /work/install-core/include/range/v3/functional
-- Up-to-date: /work/install-core/include/range/v3/functional/concepts.hpp
-- Up-to-date: /work/install-core/include/range/v3/functional/invoke.hpp
-- Up-to-date: /work/install-core/include/range/v3/functional/not_fn.hpp
-- Up-to-date: /work/install-core/include/range/v3/functional/on.hpp
-- Up-to-date: /work/install-core/include/range/v3/functional/compose.hpp
-- Up-to-date: /work/install-core/include/range/v3/functional/arithmetic.hpp
-- Up-to-date: /work/install-core/include/range/v3/functional/pipeable.hpp
-- Up-to-date: /work/install-core/include/range/v3/functional/comparisons.hpp
-- Up-to-date: /work/install-core/include/range/v3/functional/reference_wrapper.hpp
-- Up-to-date: /work/install-core/include/range/v3/functional/identity.hpp
-- Up-to-date: /work/install-core/include/range/v3/functional/bind_back.hpp
-- Up-to-date: /work/install-core/include/range/v3/functional/indirect.hpp
-- Up-to-date: /work/install-core/include/range/v3/functional/overload.hpp
-- Up-to-date: /work/install-core/include/range/v3/functional/bind.hpp
-- Up-to-date: /work/install-core/include/range/v3/back.hpp
-- Up-to-date: /work/install-core/include/range/v3/core.hpp
-- Up-to-date: /work/install-core/include/range/v3/utility
-- Up-to-date: /work/install-core/include/range/v3/utility/concepts.hpp
-- Up-to-date: /work/install-core/include/range/v3/utility/invoke.hpp
-- Up-to-date: /work/install-core/include/range/v3/utility/tuple_algorithm.hpp
-- Up-to-date: /work/install-core/include/range/v3/utility/polymorphic_cast.hpp
-- Up-to-date: /work/install-core/include/range/v3/utility/common_iterator.hpp
-- Up-to-date: /work/install-core/include/range/v3/utility/get.hpp
-- Up-to-date: /work/install-core/include/range/v3/utility/counted_iterator.hpp
-- Up-to-date: /work/install-core/include/range/v3/utility/scope_exit.hpp
-- Up-to-date: /work/install-core/include/range/v3/utility/semiregular.hpp
-- Up-to-date: /work/install-core/include/range/v3/utility/unreachable.hpp
-- Up-to-date: /work/install-core/include/range/v3/utility/tagged_pair.hpp
-- Up-to-date: /work/install-core/include/range/v3/utility/move.hpp
-- Up-to-date: /work/install-core/include/range/v3/utility/tagged_tuple.hpp
-- Up-to-date: /work/install-core/include/range/v3/utility/variant.hpp
-- Up-to-date: /work/install-core/include/range/v3/utility/functional.hpp
-- Up-to-date: /work/install-core/include/range/v3/utility/dangling.hpp
-- Up-to-date: /work/install-core/include/range/v3/utility/common_type.hpp
-- Up-to-date: /work/install-core/include/range/v3/utility/random.hpp
-- Up-to-date: /work/install-core/include/range/v3/utility/any.hpp
-- Up-to-date: /work/install-core/include/range/v3/utility/swap.hpp
-- Up-to-date: /work/install-core/include/range/v3/utility/optional.hpp
-- Up-to-date: /work/install-core/include/range/v3/utility/addressof.hpp
-- Up-to-date: /work/install-core/include/range/v3/utility/nullptr_v.hpp
-- Up-to-date: /work/install-core/include/range/v3/utility/iterator_traits.hpp
-- Up-to-date: /work/install-core/include/range/v3/utility/common_tuple.hpp
-- Up-to-date: /work/install-core/include/range/v3/utility/basic_iterator.hpp
-- Up-to-date: /work/install-core/include/range/v3/utility/infinity.hpp
-- Up-to-date: /work/install-core/include/range/v3/utility/memory.hpp
-- Up-to-date: /work/install-core/include/range/v3/utility/iterator_concepts.hpp
-- Up-to-date: /work/install-core/include/range/v3/utility/in_place.hpp
-- Up-to-date: /work/install-core/include/range/v3/utility/compressed_pair.hpp
-- Up-to-date: /work/install-core/include/range/v3/utility/associated_types.hpp
-- Up-to-date: /work/install-core/include/range/v3/utility/static_const.hpp
-- Up-to-date: /work/install-core/include/range/v3/utility/semiregular_box.hpp
-- Up-to-date: /work/install-core/include/range/v3/utility/copy.hpp
-- Up-to-date: /work/install-core/include/range/v3/utility/iterator.hpp
-- Up-to-date: /work/install-core/include/range/v3/utility/box.hpp
-- Up-to-date: /work/install-core/include/autodiff
-- Up-to-date: /work/install-core/include/autodiff/pybind11
-- Up-to-date: /work/install-core/include/autodiff/pybind11/eigen.hpp
-- Up-to-date: /work/install-core/include/autodiff/reverse
-- Up-to-date: /work/install-core/include/autodiff/reverse/var.hpp
-- Up-to-date: /work/install-core/include/autodiff/reverse/var
-- Up-to-date: /work/install-core/include/autodiff/reverse/var/var.hpp
-- Up-to-date: /work/install-core/include/autodiff/reverse/var/eigen.hpp
-- Up-to-date: /work/install-core/include/autodiff/common
-- Up-to-date: /work/install-core/include/autodiff/common/numbertraits.hpp
-- Up-to-date: /work/install-core/include/autodiff/common/eigen.hpp
-- Up-to-date: /work/install-core/include/autodiff/common/classtraits.hpp
-- Up-to-date: /work/install-core/include/autodiff/common/meta.hpp
-- Up-to-date: /work/install-core/include/autodiff/common/vectortraits.hpp
-- Up-to-date: /work/install-core/include/autodiff/common/binomialcoefficient.hpp
-- Up-to-date: /work/install-core/include/autodiff/BUILD
-- Up-to-date: /work/install-core/include/autodiff/forward
-- Up-to-date: /work/install-core/include/autodiff/forward/real
-- Up-to-date: /work/install-core/include/autodiff/forward/real/real.hpp
-- Up-to-date: /work/install-core/include/autodiff/forward/real/eigen.hpp
-- Up-to-date: /work/install-core/include/autodiff/forward/real.hpp
-- Up-to-date: /work/install-core/include/autodiff/forward/utils
-- Up-to-date: /work/install-core/include/autodiff/forward/utils/gradient.hpp
-- Up-to-date: /work/install-core/include/autodiff/forward/utils/derivative.hpp
-- Up-to-date: /work/install-core/include/autodiff/forward/utils/taylorseries.hpp
-- Up-to-date: /work/install-core/include/autodiff/forward/dual
-- Up-to-date: /work/install-core/include/autodiff/forward/dual/eigen.hpp
-- Up-to-date: /work/install-core/include/autodiff/forward/dual/dual.hpp
-- Up-to-date: /work/install-core/include/autodiff/forward/dual.hpp
-- Up-to-date: /work/install-core/cmake/autodiff/autodiffTargets.cmake
-- Up-to-date: /work/install-core/cmake/autodiff/autodiffConfig.cmake
-- Up-to-date: /work/install-core/cmake/autodiff/autodiffConfigVersion.cmake
-- Up-to-date: /work/install-core/include/cereal
-- Up-to-date: /work/install-core/include/cereal/access.hpp
-- Up-to-date: /work/install-core/include/cereal/types
-- Up-to-date: /work/install-core/include/cereal/types/base_class.hpp
-- Up-to-date: /work/install-core/include/cereal/types/unordered_map.hpp
-- Up-to-date: /work/install-core/include/cereal/types/boost_variant.hpp
-- Up-to-date: /work/install-core/include/cereal/types/utility.hpp
-- Up-to-date: /work/install-core/include/cereal/types/bitset.hpp
-- Up-to-date: /work/install-core/include/cereal/types/array.hpp
-- Up-to-date: /work/install-core/include/cereal/types/polymorphic.hpp
-- Up-to-date: /work/install-core/include/cereal/types/vector.hpp
-- Up-to-date: /work/install-core/include/cereal/types/map.hpp
-- Up-to-date: /work/install-core/include/cereal/types/complex.hpp
-- Up-to-date: /work/install-core/include/cereal/types/tuple.hpp
-- Up-to-date: /work/install-core/include/cereal/types/queue.hpp
-- Up-to-date: /work/install-core/include/cereal/types/list.hpp
-- Up-to-date: /work/install-core/include/cereal/types/forward_list.hpp
-- Up-to-date: /work/install-core/include/cereal/types/variant.hpp
-- Up-to-date: /work/install-core/include/cereal/types/atomic.hpp
-- Up-to-date: /work/install-core/include/cereal/types/functional.hpp
-- Up-to-date: /work/install-core/include/cereal/types/optional.hpp
-- Up-to-date: /work/install-core/include/cereal/types/set.hpp
-- Up-to-date: /work/install-core/include/cereal/types/valarray.hpp
-- Up-to-date: /work/install-core/include/cereal/types/string.hpp
-- Up-to-date: /work/install-core/include/cereal/types/concepts
-- Up-to-date: /work/install-core/include/cereal/types/concepts/pair_associative_container.hpp
-- Up-to-date: /work/install-core/include/cereal/types/chrono.hpp
-- Up-to-date: /work/install-core/include/cereal/types/deque.hpp
-- Up-to-date: /work/install-core/include/cereal/types/stack.hpp
-- Up-to-date: /work/install-core/include/cereal/types/memory.hpp
-- Up-to-date: /work/install-core/include/cereal/types/common.hpp
-- Up-to-date: /work/install-core/include/cereal/types/unordered_set.hpp
-- Up-to-date: /work/install-core/include/cereal/macros.hpp
-- Up-to-date: /work/install-core/include/cereal/cereal.hpp
-- Up-to-date: /work/install-core/include/cereal/details
-- Up-to-date: /work/install-core/include/cereal/details/static_object.hpp
-- Up-to-date: /work/install-core/include/cereal/details/polymorphic_impl_fwd.hpp
-- Up-to-date: /work/install-core/include/cereal/details/traits.hpp
-- Up-to-date: /work/install-core/include/cereal/details/polymorphic_impl.hpp
-- Up-to-date: /work/install-core/include/cereal/details/helpers.hpp
-- Up-to-date: /work/install-core/include/cereal/details/util.hpp
-- Up-to-date: /work/install-core/include/cereal/archives
-- Up-to-date: /work/install-core/include/cereal/archives/json.hpp
-- Up-to-date: /work/install-core/include/cereal/archives/adapters.hpp
-- Up-to-date: /work/install-core/include/cereal/archives/xml.hpp
-- Up-to-date: /work/install-core/include/cereal/archives/portable_binary.hpp
-- Up-to-date: /work/install-core/include/cereal/archives/binary.hpp
-- Up-to-date: /work/install-core/include/cereal/version.hpp
-- Up-to-date: /work/install-core/include/cereal/specialize.hpp
-- Up-to-date: /work/install-core/include/cereal/external
-- Up-to-date: /work/install-core/include/cereal/external/LICENSE
-- Up-to-date: /work/install-core/include/cereal/external/rapidjson
-- Up-to-date: /work/install-core/include/cereal/external/rapidjson/fwd.h
-- Up-to-date: /work/install-core/include/cereal/external/rapidjson/memorystream.h
-- Up-to-date: /work/install-core/include/cereal/external/rapidjson/reader.h
-- Up-to-date: /work/install-core/include/cereal/external/rapidjson/prettywriter.h
-- Up-to-date: /work/install-core/include/cereal/external/rapidjson/ostreamwrapper.h
-- Up-to-date: /work/install-core/include/cereal/external/rapidjson/encodedstream.h
-- Up-to-date: /work/install-core/include/cereal/external/rapidjson/filereadstream.h
-- Up-to-date: /work/install-core/include/cereal/external/rapidjson/LICENSE
-- Up-to-date: /work/install-core/include/cereal/external/rapidjson/cursorstreamwrapper.h
-- Up-to-date: /work/install-core/include/cereal/external/rapidjson/istreamwrapper.h
-- Up-to-date: /work/install-core/include/cereal/external/rapidjson/stringbuffer.h
-- Up-to-date: /work/install-core/include/cereal/external/rapidjson/internal
-- Up-to-date: /work/install-core/include/cereal/external/rapidjson/internal/ieee754.h
-- Up-to-date: /work/install-core/include/cereal/external/rapidjson/internal/strtod.h
-- Up-to-date: /work/install-core/include/cereal/external/rapidjson/internal/swap.h
-- Up-to-date: /work/install-core/include/cereal/external/rapidjson/internal/regex.h
-- Up-to-date: /work/install-core/include/cereal/external/rapidjson/internal/diyfp.h
-- Up-to-date: /work/install-core/include/cereal/external/rapidjson/internal/biginteger.h
-- Up-to-date: /work/install-core/include/cereal/external/rapidjson/internal/strfunc.h
-- Up-to-date: /work/install-core/include/cereal/external/rapidjson/internal/itoa.h
-- Up-to-date: /work/install-core/include/cereal/external/rapidjson/internal/stack.h
-- Up-to-date: /work/install-core/include/cereal/external/rapidjson/internal/dtoa.h
-- Up-to-date: /work/install-core/include/cereal/external/rapidjson/internal/meta.h
-- Up-to-date: /work/install-core/include/cereal/external/rapidjson/internal/pow10.h
-- Up-to-date: /work/install-core/include/cereal/external/rapidjson/encodings.h
-- Up-to-date: /work/install-core/include/cereal/external/rapidjson/schema.h
-- Up-to-date: /work/install-core/include/cereal/external/rapidjson/stream.h
-- Up-to-date: /work/install-core/include/cereal/external/rapidjson/filewritestream.h
-- Up-to-date: /work/install-core/include/cereal/external/rapidjson/rapidjson.h
-- Up-to-date: /work/install-core/include/cereal/external/rapidjson/document.h
-- Up-to-date: /work/install-core/include/cereal/external/rapidjson/allocators.h
-- Up-to-date: /work/install-core/include/cereal/external/rapidjson/writer.h
-- Up-to-date: /work/install-core/include/cereal/external/rapidjson/error
-- Up-to-date: /work/install-core/include/cereal/external/rapidjson/error/error.h
-- Up-to-date: /work/install-core/include/cereal/external/rapidjson/error/en.h
-- Up-to-date: /work/install-core/include/cereal/external/rapidjson/memorybuffer.h
-- Up-to-date: /work/install-core/include/cereal/external/rapidjson/pointer.h
-- Up-to-date: /work/install-core/include/cereal/external/rapidjson/msinttypes
-- Up-to-date: /work/install-core/include/cereal/external/rapidjson/msinttypes/inttypes.h
-- Up-to-date: /work/install-core/include/cereal/external/rapidjson/msinttypes/LICENSE
-- Up-to-date: /work/install-core/include/cereal/external/rapidjson/msinttypes/stdint.h
-- Up-to-date: /work/install-core/include/cereal/external/rapidxml
-- Up-to-date: /work/install-core/include/cereal/external/rapidxml/rapidxml_iterators.hpp
-- Up-to-date: /work/install-core/include/cereal/external/rapidxml/rapidxml_print.hpp
-- Up-to-date: /work/install-core/include/cereal/external/rapidxml/rapidxml_utils.hpp
-- Up-to-date: /work/install-core/include/cereal/external/rapidxml/rapidxml.hpp
-- Up-to-date: /work/install-core/include/cereal/external/rapidxml/license.txt
-- Up-to-date: /work/install-core/include/cereal/external/rapidxml/manual.html
-- Up-to-date: /work/install-core/include/cereal/external/base64.hpp
-- Up-to-date: /work/install-core/cmake/cereal/cerealConfig.cmake
-- Up-to-date: /work/install-core/cmake/cereal/cerealConfigVersion.cmake
-- Up-to-date: /work/install-core/cmake/cereal/cerealTargets.cmake
-- Up-to-date: /work/install-core/lib/pkgconfig/args.pc
-- Up-to-date: /work/install-core/cmake/args/args-config.cmake
-- Up-to-date: /work/install-core/include/args.hxx
-- Up-to-date: /work/install-core/lib/libcpr.a
-- Installing: /work/install-core/lib/cmake/cpr/cprConfig.cmake
-- Installing: /work/install-core/lib/cmake/cpr/cprConfigVersion.cmake
-- Installing: /work/install-core/lib/cmake/cpr/cprTargets.cmake
-- Installing: /work/install-core/lib/cmake/cpr/cprTargets-release.cmake
-- Up-to-date: /work/install-core/include/cpr
-- Up-to-date: /work/install-core/include/cpr/filesystem.h
-- Up-to-date: /work/install-core/include/cpr/error.h
-- Up-to-date: /work/install-core/include/cpr/local_port_range.h
-- Up-to-date: /work/install-core/include/cpr/body_view.h
-- Up-to-date: /work/install-core/include/cpr/range.h
-- Up-to-date: /work/install-core/include/cpr/response.h
-- Up-to-date: /work/install-core/include/cpr/cert_info.h
-- Up-to-date: /work/install-core/include/cpr/cprtypes.h
-- Up-to-date: /work/install-core/include/cpr/interceptor.h
-- Up-to-date: /work/install-core/include/cpr/connect_timeout.h
-- Up-to-date: /work/install-core/include/cpr/threadpool.h
-- Up-to-date: /work/install-core/include/cpr/status_codes.h
-- Up-to-date: /work/install-core/include/cpr/singleton.h
-- Up-to-date: /work/install-core/include/cpr/redirect.h
-- Up-to-date: /work/install-core/include/cpr/local_port.h
-- Up-to-date: /work/install-core/include/cpr/http_version.h
-- Up-to-date: /work/install-core/include/cpr/body.h
-- Up-to-date: /work/install-core/include/cpr/curlmultiholder.h
-- Up-to-date: /work/install-core/include/cpr/verbose.h
-- Up-to-date: /work/install-core/include/cpr/payload.h
-- Up-to-date: /work/install-core/include/cpr/multiperform.h
-- Up-to-date: /work/install-core/include/cpr/file.h
-- Up-to-date: /work/install-core/include/cpr/ssl_options.h
-- Up-to-date: /work/install-core/include/cpr/limit_rate.h
-- Up-to-date: /work/install-core/include/cpr/ssl_ctx.h
-- Up-to-date: /work/install-core/include/cpr/bearer.h
-- Up-to-date: /work/install-core/include/cpr/interface.h
-- Up-to-date: /work/install-core/include/cpr/api.h
-- Up-to-date: /work/install-core/include/cpr/async.h
-- Up-to-date: /work/install-core/include/cpr/buffer.h
-- Up-to-date: /work/install-core/include/cpr/session.h
-- Up-to-date: /work/install-core/include/cpr/parameters.h
-- Up-to-date: /work/install-core/include/cpr/curl_container.h
-- Up-to-date: /work/install-core/include/cpr/util.h
-- Up-to-date: /work/install-core/include/cpr/curlholder.h
-- Up-to-date: /work/install-core/include/cpr/auth.h
-- Up-to-date: /work/install-core/include/cpr/proxies.h
-- Up-to-date: /work/install-core/include/cpr/cookies.h
-- Up-to-date: /work/install-core/include/cpr/resolve.h
-- Up-to-date: /work/install-core/include/cpr/reserve_size.h
-- Up-to-date: /work/install-core/include/cpr/multipart.h
-- Up-to-date: /work/install-core/include/cpr/timeout.h
-- Up-to-date: /work/install-core/include/cpr/callback.h
-- Up-to-date: /work/install-core/include/cpr/low_speed.h
-- Up-to-date: /work/install-core/include/cpr/proxyauth.h
-- Up-to-date: /work/install-core/include/cpr/accept_encoding.h
-- Up-to-date: /work/install-core/include/cpr/secure_string.h
-- Up-to-date: /work/install-core/include/cpr/async_wrapper.h
-- Up-to-date: /work/install-core/include/cpr/unix_socket.h
-- Up-to-date: /work/install-core/include/cpr/user_agent.h
-- Up-to-date: /work/install-core/include/cpr/cpr.h
-- Up-to-date: /work/install-core/include/cpr
-- Up-to-date: /work/install-core/include/cpr/cprver.h
-- Up-to-date: /work/install-core/include/cppitertools/.
-- Up-to-date: /work/install-core/include/cppitertools/./LICENSE.md
-- Up-to-date: /work/install-core/include/cppitertools/./chunked.hpp
-- Up-to-date: /work/install-core/include/cppitertools/./batched.hpp
-- Up-to-date: /work/install-core/include/cppitertools/./filterfalse.hpp
-- Up-to-date: /work/install-core/include/cppitertools/./zip.hpp
-- Up-to-date: /work/install-core/include/cppitertools/./enumerate.hpp
-- Up-to-date: /work/install-core/include/cppitertools/./CMakeLists.txt
-- Up-to-date: /work/install-core/include/cppitertools/./unique_everseen.hpp
-- Up-to-date: /work/install-core/include/cppitertools/./combinations_with_replacement.hpp
-- Up-to-date: /work/install-core/include/cppitertools/./accumulate.hpp
-- Up-to-date: /work/install-core/include/cppitertools/./product.hpp
-- Up-to-date: /work/install-core/include/cppitertools/./test
-- Up-to-date: /work/install-core/include/cppitertools/./test/test_sliding_window.cpp
-- Up-to-date: /work/install-core/include/cppitertools/./test/test_filterfalse.cpp
-- Up-to-date: /work/install-core/include/cppitertools/./test/test_starmap.cpp
-- Up-to-date: /work/install-core/include/cppitertools/./test/test_chain.cpp
-- Up-to-date: /work/install-core/include/cppitertools/./test/test_iteratoriterator.cpp
-- Up-to-date: /work/install-core/include/cppitertools/./test/CMakeLists.txt
-- Up-to-date: /work/install-core/include/cppitertools/./test/test_iterator_wrapper.cpp
-- Up-to-date: /work/install-core/include/cppitertools/./test/make_tests.bzl
-- Up-to-date: /work/install-core/include/cppitertools/./test/test_unique_everseen.cpp
-- Up-to-date: /work/install-core/include/cppitertools/./test/SConstruct
-- Up-to-date: /work/install-core/include/cppitertools/./test/test_combinations_with_replacement.cpp
-- Up-to-date: /work/install-core/include/cppitertools/./test/test_enumerate.cpp
-- Up-to-date: /work/install-core/include/cppitertools/./test/test_permutations.cpp
-- Up-to-date: /work/install-core/include/cppitertools/./test/test_combinations.cpp
-- Up-to-date: /work/install-core/include/cppitertools/./test/test_compress.cpp
-- Up-to-date: /work/install-core/include/cppitertools/./test/test_zip_longest.cpp
-- Up-to-date: /work/install-core/include/cppitertools/./test/download_catch.sh
-- Up-to-date: /work/install-core/include/cppitertools/./test/test_helpers.cpp
-- Up-to-date: /work/install-core/include/cppitertools/./test/test_filter.cpp
-- Up-to-date: /work/install-core/include/cppitertools/./test/test_takewhile.cpp
-- Up-to-date: /work/install-core/include/cppitertools/./test/test_main.cpp
-- Up-to-date: /work/install-core/include/cppitertools/./test/test_iterbase.cpp
-- Up-to-date: /work/install-core/include/cppitertools/./test/test_groupby.cpp
-- Up-to-date: /work/install-core/include/cppitertools/./test/test_cycle.cpp
-- Up-to-date: /work/install-core/include/cppitertools/./test/test_sorted.cpp
-- Up-to-date: /work/install-core/include/cppitertools/./test/test_unique_justseen.cpp
-- Up-to-date: /work/install-core/include/cppitertools/./test/test_range.cpp
-- Up-to-date: /work/install-core/include/cppitertools/./test/test_repeat.cpp
-- Up-to-date: /work/install-core/include/cppitertools/./test/test_dropwhile.cpp
-- Up-to-date: /work/install-core/include/cppitertools/./test/test_batched.cpp
-- Up-to-date: /work/install-core/include/cppitertools/./test/.gitignore
-- Up-to-date: /work/install-core/include/cppitertools/./test/test_chunked.cpp
-- Up-to-date: /work/install-core/include/cppitertools/./test/test_product.cpp
-- Up-to-date: /work/install-core/include/cppitertools/./test/test_accumulate.cpp
-- Up-to-date: /work/install-core/include/cppitertools/./test/test_imap.cpp
-- Up-to-date: /work/install-core/include/cppitertools/./test/helpers.hpp
-- Up-to-date: /work/install-core/include/cppitertools/./test/BUILD
-- Up-to-date: /work/install-core/include/cppitertools/./test/test_powerset.cpp
-- Up-to-date: /work/install-core/include/cppitertools/./test/test_slice.cpp
-- Up-to-date: /work/install-core/include/cppitertools/./test/test_zip.cpp
-- Up-to-date: /work/install-core/include/cppitertools/./test/test_mixed.cpp
-- Up-to-date: /work/install-core/include/cppitertools/./test/test_reversed.cpp
-- Up-to-date: /work/install-core/include/cppitertools/./test/test_count.cpp
-- Up-to-date: /work/install-core/include/cppitertools/./cmake
-- Up-to-date: /work/install-core/include/cppitertools/./cmake/dummy-config.cmake.in
-- Up-to-date: /work/install-core/include/cppitertools/./compress.hpp
-- Up-to-date: /work/install-core/include/cppitertools/./takewhile.hpp
-- Up-to-date: /work/install-core/include/cppitertools/./WORKSPACE
-- Up-to-date: /work/install-core/include/cppitertools/./zip_longest.hpp
-- Up-to-date: /work/install-core/include/cppitertools/./conanfile.py
-- Up-to-date: /work/install-core/include/cppitertools/./chain.hpp
-- Up-to-date: /work/install-core/include/cppitertools/./internal
-- Up-to-date: /work/install-core/include/cppitertools/./internal/iterbase.hpp
-- Up-to-date: /work/install-core/include/cppitertools/./internal/iter_tuples.hpp
-- Up-to-date: /work/install-core/include/cppitertools/./internal/iterator_wrapper.hpp
-- Up-to-date: /work/install-core/include/cppitertools/./internal/iteratoriterator.hpp
-- Up-to-date: /work/install-core/include/cppitertools/./sliding_window.hpp
-- Up-to-date: /work/install-core/include/cppitertools/./.install-libcxx-travis.sh
-- Up-to-date: /work/install-core/include/cppitertools/./sorted.hpp
-- Up-to-date: /work/install-core/include/cppitertools/./repeat.hpp
-- Up-to-date: /work/install-core/include/cppitertools/./dropwhile.hpp
-- Up-to-date: /work/install-core/include/cppitertools/./README.md
-- Up-to-date: /work/install-core/include/cppitertools/./unique_justseen.hpp
-- Up-to-date: /work/install-core/include/cppitertools/./starmap.hpp
-- Up-to-date: /work/install-core/include/cppitertools/./slice.hpp
-- Up-to-date: /work/install-core/include/cppitertools/./.gitignore
-- Up-to-date: /work/install-core/include/cppitertools/./reversed.hpp
-- Up-to-date: /work/install-core/include/cppitertools/./examples
-- Up-to-date: /work/install-core/include/cppitertools/./examples/mixed_examples.cpp
-- Up-to-date: /work/install-core/include/cppitertools/./examples/zip_longest_examples.cpp
-- Up-to-date: /work/install-core/include/cppitertools/./examples/dropwhile_examples.cpp
-- Up-to-date: /work/install-core/include/cppitertools/./examples/cycle_examples.cpp
-- Up-to-date: /work/install-core/include/cppitertools/./examples/repeat_examples.cpp
-- Up-to-date: /work/install-core/include/cppitertools/./examples/CMakeLists.txt
-- Up-to-date: /work/install-core/include/cppitertools/./examples/compress_examples.cpp
-- Up-to-date: /work/install-core/include/cppitertools/./examples/groupby_examples.cpp
-- Up-to-date: /work/install-core/include/cppitertools/./examples/sliding_window_examples.cpp
-- Up-to-date: /work/install-core/include/cppitertools/./examples/SConstruct
-- Up-to-date: /work/install-core/include/cppitertools/./examples/accumulate_examples.cpp
-- Up-to-date: /work/install-core/include/cppitertools/./examples/range_examples.cpp
-- Up-to-date: /work/install-core/include/cppitertools/./examples/chain_examples.cpp
-- Up-to-date: /work/install-core/include/cppitertools/./examples/batched_examples.cpp
-- Up-to-date: /work/install-core/include/cppitertools/./examples/count_examples.cpp
-- Up-to-date: /work/install-core/include/cppitertools/./examples/filterfalse_examples.cpp
-- Up-to-date: /work/install-core/include/cppitertools/./examples/takewhile_examples.cpp
-- Up-to-date: /work/install-core/include/cppitertools/./examples/starmap_examples.cpp
-- Up-to-date: /work/install-core/include/cppitertools/./examples/filter_examples.cpp
-- Up-to-date: /work/install-core/include/cppitertools/./examples/chunked_examples.cpp
-- Up-to-date: /work/install-core/include/cppitertools/./examples/.gitignore
-- Up-to-date: /work/install-core/include/cppitertools/./examples/unique_everseen_examples.cpp
-- Up-to-date: /work/install-core/include/cppitertools/./examples/samples.hpp
-- Up-to-date: /work/install-core/include/cppitertools/./examples/unique_justseen_examples.cpp
-- Up-to-date: /work/install-core/include/cppitertools/./examples/enumerate_examples.cpp
-- Up-to-date: /work/install-core/include/cppitertools/./examples/sorted_examples.cpp
-- Up-to-date: /work/install-core/include/cppitertools/./examples/slice_examples.cpp
-- Up-to-date: /work/install-core/include/cppitertools/./examples/reversed_examples.cpp
-- Up-to-date: /work/install-core/include/cppitertools/./examples/imap_examples.cpp
-- Up-to-date: /work/install-core/include/cppitertools/./examples/zip_examples.cpp
-- Up-to-date: /work/install-core/include/cppitertools/./examples/combinatoric_examples.cpp
-- Up-to-date: /work/install-core/include/cppitertools/./.clang-format
-- Up-to-date: /work/install-core/include/cppitertools/./filter.hpp
-- Up-to-date: /work/install-core/include/cppitertools/./itertools.hpp
-- Up-to-date: /work/install-core/include/cppitertools/./count.hpp
-- Up-to-date: /work/install-core/include/cppitertools/./powerset.hpp
-- Up-to-date: /work/install-core/include/cppitertools/./cycle.hpp
-- Up-to-date: /work/install-core/include/cppitertools/./BUILD
-- Up-to-date: /work/install-core/include/cppitertools/./combinations.hpp
-- Up-to-date: /work/install-core/include/cppitertools/./permutations.hpp
-- Up-to-date: /work/install-core/include/cppitertools/./.git
-- Up-to-date: /work/install-core/include/cppitertools/./.git/config
-- Up-to-date: /work/install-core/include/cppitertools/./.git/shallow
-- Up-to-date: /work/install-core/include/cppitertools/./.git/objects
-- Up-to-date: /work/install-core/include/cppitertools/./.git/objects/pack
-- Up-to-date: /work/install-core/include/cppitertools/./.git/objects/pack/pack-101dad0bbd82051c4c69a10654959a9c017616a4.pack
-- Up-to-date: /work/install-core/include/cppitertools/./.git/objects/pack/pack-101dad0bbd82051c4c69a10654959a9c017616a4.idx
-- Up-to-date: /work/install-core/include/cppitertools/./.git/objects/info
-- Up-to-date: /work/install-core/include/cppitertools/./.git/HEAD
-- Up-to-date: /work/install-core/include/cppitertools/./.git/info
-- Up-to-date: /work/install-core/include/cppitertools/./.git/info/exclude
-- Up-to-date: /work/install-core/include/cppitertools/./.git/logs
-- Up-to-date: /work/install-core/include/cppitertools/./.git/logs/HEAD
-- Up-to-date: /work/install-core/include/cppitertools/./.git/logs/refs
-- Up-to-date: /work/install-core/include/cppitertools/./.git/logs/refs/heads
-- Up-to-date: /work/install-core/include/cppitertools/./.git/logs/refs/heads/master
-- Up-to-date: /work/install-core/include/cppitertools/./.git/logs/refs/remotes
-- Up-to-date: /work/install-core/include/cppitertools/./.git/logs/refs/remotes/origin
-- Up-to-date: /work/install-core/include/cppitertools/./.git/logs/refs/remotes/origin/HEAD
-- Up-to-date: /work/install-core/include/cppitertools/./.git/description
-- Up-to-date: /work/install-core/include/cppitertools/./.git/hooks
-- Up-to-date: /work/install-core/include/cppitertools/./.git/hooks/commit-msg.sample
-- Up-to-date: /work/install-core/include/cppitertools/./.git/hooks/pre-rebase.sample
-- Up-to-date: /work/install-core/include/cppitertools/./.git/hooks/pre-commit.sample
-- Up-to-date: /work/install-core/include/cppitertools/./.git/hooks/applypatch-msg.sample
-- Up-to-date: /work/install-core/include/cppitertools/./.git/hooks/fsmonitor-watchman.sample
-- Up-to-date: /work/install-core/include/cppitertools/./.git/hooks/pre-receive.sample
-- Up-to-date: /work/install-core/include/cppitertools/./.git/hooks/prepare-commit-msg.sample
-- Up-to-date: /work/install-core/include/cppitertools/./.git/hooks/post-update.sample
-- Up-to-date: /work/install-core/include/cppitertools/./.git/hooks/pre-merge-commit.sample
-- Up-to-date: /work/install-core/include/cppitertools/./.git/hooks/pre-applypatch.sample
-- Up-to-date: /work/install-core/include/cppitertools/./.git/hooks/pre-push.sample
-- Up-to-date: /work/install-core/include/cppitertools/./.git/hooks/update.sample
-- Up-to-date: /work/install-core/include/cppitertools/./.git/hooks/push-to-checkout.sample
-- Up-to-date: /work/install-core/include/cppitertools/./.git/refs
-- Up-to-date: /work/install-core/include/cppitertools/./.git/refs/heads
-- Up-to-date: /work/install-core/include/cppitertools/./.git/refs/heads/master
-- Up-to-date: /work/install-core/include/cppitertools/./.git/refs/tags
-- Up-to-date: /work/install-core/include/cppitertools/./.git/refs/remotes
-- Up-to-date: /work/install-core/include/cppitertools/./.git/refs/remotes/origin
-- Up-to-date: /work/install-core/include/cppitertools/./.git/refs/remotes/origin/HEAD
-- Up-to-date: /work/install-core/include/cppitertools/./.git/index
-- Up-to-date: /work/install-core/include/cppitertools/./.git/branches
-- Up-to-date: /work/install-core/include/cppitertools/./.git/packed-refs
-- Up-to-date: /work/install-core/include/cppitertools/./range.hpp
-- Up-to-date: /work/install-core/include/cppitertools/./.travis.yml
-- Up-to-date: /work/install-core/include/cppitertools/./imap.hpp
-- Up-to-date: /work/install-core/include/cppitertools/./groupby.hpp
-- Installing: /work/install-core/share/cppitertools/cppitertools-config.cmake
-- Installing: /work/install-core/share/cppitertools/cppitertools-config-version.cmake
-- Up-to-date: /work/install-core/lib/libnoise.so.1.8.1
-- Up-to-date: /work/install-core/lib/libnoise.so
-- Up-to-date: /work/install-core/cmake/noiseTargets.cmake
-- Up-to-date: /work/install-core/cmake/noiseTargets-release.cmake
-- Up-to-date: /work/install-core/lib/libcore.so.1.8.1
-- Up-to-date: /work/install-core/lib/libcore.so
-- Up-to-date: /work/install-core/remote_backends.yaml
-- Up-to-date: /work/install-core/cmake/coreTargets.cmake
-- Up-to-date: /work/install-core/cmake/coreTargets-release.cmake
-- Up-to-date: /work/install-core/include
-- Up-to-date: /work/install-core/include/qristal
-- Up-to-date: /work/install-core/include/qristal/core
-- Up-to-date: /work/install-core/include/qristal/core/benchmark
-- Up-to-date: /work/install-core/include/qristal/core/benchmark/Concepts.hpp
-- Up-to-date: /work/install-core/include/qristal/core/benchmark/metrics
-- Up-to-date: /work/install-core/include/qristal/core/benchmark/metrics/BitstringCounts.hpp
-- Up-to-date: /work/install-core/include/qristal/core/benchmark/metrics/PyGSTiResults.hpp
-- Up-to-date: /work/install-core/include/qristal/core/benchmark/metrics/QuantumProcessFidelity.hpp
-- Up-to-date: /work/install-core/include/qristal/core/benchmark/metrics/ConfusionMatrix.hpp
-- Up-to-date: /work/install-core/include/qristal/core/benchmark/metrics/QuantumStateFidelity.hpp
-- Up-to-date: /work/install-core/include/qristal/core/benchmark/metrics/QuantumStateDensity.hpp
-- Up-to-date: /work/install-core/include/qristal/core/benchmark/metrics/QuantumProcessMatrix.hpp
-- Up-to-date: /work/install-core/include/qristal/core/benchmark/metrics/CircuitFidelity.hpp
-- Up-to-date: /work/install-core/include/qristal/core/benchmark/Serializer.hpp
-- Up-to-date: /work/install-core/include/qristal/core/benchmark/Task.hpp
-- Up-to-date: /work/install-core/include/qristal/core/benchmark/workflows
-- Up-to-date: /work/install-core/include/qristal/core/benchmark/workflows/RotationSweep.hpp
-- Up-to-date: /work/install-core/include/qristal/core/benchmark/workflows/QuantumStateTomography.hpp
-- Up-to-date: /work/install-core/include/qristal/core/benchmark/workflows/QuantumProcessTomography.hpp
-- Up-to-date: /work/install-core/include/qristal/core/benchmark/workflows/WorkflowAddins.hpp
-- Up-to-date: /work/install-core/include/qristal/core/benchmark/workflows/PyGSTiBenchmark.hpp
-- Up-to-date: /work/install-core/include/qristal/core/benchmark/workflows/PreOrAppendWorkflow.hpp
-- Up-to-date: /work/install-core/include/qristal/core/benchmark/workflows/SPAMBenchmark.hpp
-- Up-to-date: /work/install-core/include/qristal/core/benchmark/workflows/RuntimeAnalyzer.hpp
-- Up-to-date: /work/install-core/include/qristal/core/benchmark/workflows/SimpleCircuitExecution.hpp
-- Up-to-date: /work/install-core/include/qristal/core/benchmark/DataLoaderGenerator.hpp
-- Up-to-date: /work/install-core/include/qristal/core/thread_pool.hpp
-- Up-to-date: /work/install-core/include/qristal/core/circuit_builders
-- Up-to-date: /work/install-core/include/qristal/core/circuit_builders/ry_encoding.hpp
-- Up-to-date: /work/install-core/include/qristal/core/circuit_builders/exponent.hpp
-- Up-to-date: /work/install-core/include/qristal/core/circuit_builder.hpp
-- Up-to-date: /work/install-core/include/qristal/core/mpi
-- Up-to-date: /work/install-core/include/qristal/core/mpi/workload_partitioning.hpp
-- Up-to-date: /work/install-core/include/qristal/core/mpi/results_types.hpp
-- Up-to-date: /work/install-core/include/qristal/core/mpi/message_types.hpp
-- Up-to-date: /work/install-core/include/qristal/core/mpi/results_serialisation.hpp
-- Up-to-date: /work/install-core/include/qristal/core/mpi/mpi_manager.hpp
-- Up-to-date: /work/install-core/include/qristal/core/circuit_language.hpp
-- Up-to-date: /work/install-core/include/qristal/core/backend_utils.hpp
-- Up-to-date: /work/install-core/include/qristal/core/python
-- Up-to-date: /work/install-core/include/qristal/core/python/py_benchmark.hpp
-- Up-to-date: /work/install-core/include/qristal/core/python/py_help_strings.hpp
-- Up-to-date: /work/install-core/include/qristal/core/python/py_middleware.hpp
-- Up-to-date: /work/install-core/include/qristal/core/python/py_help_strings_benchmark.hpp
-- Up-to-date: /work/install-core/include/qristal/core/python/py_session.hpp
-- Up-to-date: /work/install-core/include/qristal/core/python/py_job_handle.hpp
-- Up-to-date: /work/install-core/include/qristal/core/python/py_benchmark_workflows.hpp
-- Up-to-date: /work/install-core/include/qristal/core/python/py_help_strings_benchmark_workflows.hpp
-- Up-to-date: /work/install-core/include/qristal/core/python/py_help_strings_benchmark_metrics.hpp
-- Up-to-date: /work/install-core/include/qristal/core/python/py_benchmark_metrics.hpp
-- Up-to-date: /work/install-core/include/qristal/core/python/py_optimization.hpp
-- Up-to-date: /work/install-core/include/qristal/core/python/py_circuit_builder.hpp
-- Up-to-date: /work/install-core/include/qristal/core/python/py_stl_containers.hpp
-- Up-to-date: /work/install-core/include/qristal/core/python/py_noise_model.hpp
-- Up-to-date: /work/install-core/include/qristal/core/jensen_shannon.hpp
-- Up-to-date: /work/install-core/include/qristal/core/noise_model
-- Up-to-date: /work/install-core/include/qristal/core/noise_model/readout_error.hpp
-- Up-to-date: /work/install-core/include/qristal/core/noise_model/noise_model.hpp
-- Up-to-date: /work/install-core/include/qristal/core/noise_model/noise_channel.hpp
-- Up-to-date: /work/install-core/include/qristal/core/noise_model/json_complex_convert.hpp
-- Up-to-date: /work/install-core/include/qristal/core/noise_model/noise_properties.hpp
-- Up-to-date: /work/install-core/include/qristal/core/circuits
-- Up-to-date: /work/install-core/include/qristal/core/circuits/efficient_encoding.hpp
-- Up-to-date: /work/install-core/include/qristal/core/circuits/mcu_with_ancilla.hpp
-- Up-to-date: /work/install-core/include/qristal/core/circuits/multiplication.hpp
-- Up-to-date: /work/install-core/include/qristal/core/circuits/compare_beam_oracle.hpp
-- Up-to-date: /work/install-core/include/qristal/core/circuits/qd_beam_state_prep.hpp
-- Up-to-date: /work/install-core/include/qristal/core/circuits/superposition_adder.hpp
-- Up-to-date: /work/install-core/include/qristal/core/circuits/controlled_proper_fraction_division.hpp
-- Up-to-date: /work/install-core/include/qristal/core/circuits/pseudo_trace_amplitude_estimation.hpp
-- Up-to-date: /work/install-core/include/qristal/core/circuits/controlled_addition.hpp
-- Up-to-date: /work/install-core/include/qristal/core/circuits/init_rep_flag.hpp
-- Up-to-date: /work/install-core/include/qristal/core/circuits/controlled_swap.hpp
-- Up-to-date: /work/install-core/include/qristal/core/circuits/amplitude_amplification.hpp
-- Up-to-date: /work/install-core/include/qristal/core/circuits/generalised_mcx.hpp
-- Up-to-date: /work/install-core/include/qristal/core/circuits/equality_checker.hpp
-- Up-to-date: /work/install-core/include/qristal/core/circuits/u_prime_unitary.hpp
-- Up-to-date: /work/install-core/include/qristal/core/circuits/subtraction.hpp
-- Up-to-date: /work/install-core/include/qristal/core/circuits/ae_to_metric.hpp
-- Up-to-date: /work/install-core/include/qristal/core/circuits/controlled_subtraction.hpp
-- Up-to-date: /work/install-core/include/qristal/core/circuits/q_prime_unitary.hpp
-- Up-to-date: /work/install-core/include/qristal/core/circuits/mean_value_finder.hpp
-- Up-to-date: /work/install-core/include/qristal/core/circuits/canonical_amplitude_estimation.hpp
-- Up-to-date: /work/install-core/include/qristal/core/circuits/comparator.hpp
-- Up-to-date: /work/install-core/include/qristal/core/circuits/inverse_circuit.hpp
-- Up-to-date: /work/install-core/include/qristal/core/circuits/controlled_multiplication.hpp
-- Up-to-date: /work/install-core/include/qristal/core/circuits/phase_estimation.hpp
-- Up-to-date: /work/install-core/include/qristal/core/circuits/w_prime_unitary.hpp
-- Up-to-date: /work/install-core/include/qristal/core/circuits/compare_gt.hpp
-- Up-to-date: /work/install-core/include/qristal/core/circuits/proper_fraction_division.hpp
-- Up-to-date: /work/install-core/include/qristal/core/circuits/uq_prime_unitary.hpp
-- Up-to-date: /work/install-core/include/qristal/core/circuits/ripple_adder.hpp
-- Up-to-date: /work/install-core/include/qristal/core/optimization
-- Up-to-date: /work/install-core/include/qristal/core/optimization/vqee
-- Up-to-date: /work/install-core/include/qristal/core/optimization/vqee/case_generator.hpp
-- Up-to-date: /work/install-core/include/qristal/core/optimization/vqee/job_constants.hpp
-- Up-to-date: /work/install-core/include/qristal/core/optimization/vqee/mpi_wrapper.hpp
-- Up-to-date: /work/install-core/include/qristal/core/optimization/vqee/vqee.hpp
-- Up-to-date: /work/install-core/include/qristal/core/pretranspiler.hpp
-- Up-to-date: /work/install-core/include/qristal/core/backends
-- Up-to-date: /work/install-core/include/qristal/core/backends/hardware
-- Up-to-date: /work/install-core/include/qristal/core/backends/hardware/qb
-- Up-to-date: /work/install-core/include/qristal/core/backends/hardware/qb/visitor.hpp
-- Up-to-date: /work/install-core/include/qristal/core/backends/hardware/qb/visitor_CZ.hpp
-- Up-to-date: /work/install-core/include/qristal/core/backends/hardware/qb/qdk.hpp
-- Up-to-date: /work/install-core/include/qristal/core/backends/hardware/qb/visitor_ACZ.hpp
-- Up-to-date: /work/install-core/include/qristal/core/backends/sims
-- Up-to-date: /work/install-core/include/qristal/core/backends/sims/microsoft
-- Up-to-date: /work/install-core/include/qristal/core/backends/sims/microsoft/sparse-sim
-- Up-to-date: /work/install-core/include/qristal/core/backends/sims/microsoft/sparse-sim/LICENSE
-- Up-to-date: /work/install-core/include/qristal/core/backends/sims/microsoft/sparse-sim/types.h
-- Up-to-date: /work/install-core/include/qristal/core/backends/sims/microsoft/sparse-sim/quantum_state.hpp
-- Up-to-date: /work/install-core/include/qristal/core/backends/sims/microsoft/sparse-sim/basic_quantum_state.hpp
-- Up-to-date: /work/install-core/include/qristal/core/backends/sims/microsoft/sparse-sim/SparseSimulator.h
-- Up-to-date: /work/install-core/include/qristal/core/backends/sims/microsoft/sparse-sim/gates.h
-- Up-to-date: /work/install-core/include/qristal/core/backends/sims/aws
-- Up-to-date: /work/install-core/include/qristal/core/backends/sims/aws/braket
-- Up-to-date: /work/install-core/include/qristal/core/backends/sims/aws/braket/AWSAccelerator.hpp
-- Up-to-date: /work/install-core/include/qristal/core/backends/sims/aws/braket/AWSVisitor.hpp
-- Up-to-date: /work/install-core/include/qristal/core/backends/sims/aws/braket/AWSOpenQasm3Visitor.hpp
-- Up-to-date: /work/install-core/include/qristal/core/backends/sims/aws/braket/AWSQuantumTask.hpp
-- Up-to-date: /work/install-core/include/qristal/core/session.hpp
-- Up-to-date: /work/install-core/include/qristal/core/algorithms
-- Up-to-date: /work/install-core/include/qristal/core/algorithms/exponential_search
-- Up-to-date: /work/install-core/include/qristal/core/algorithms/exponential_search/exponential_search.hpp
-- Up-to-date: /work/install-core/include/qristal/core/algorithms/amplitude_estimation
-- Up-to-date: /work/install-core/include/qristal/core/algorithms/amplitude_estimation/ML_amplitude_estimation.hpp
-- Up-to-date: /work/install-core/include/qristal/core/algorithms/amplitude_estimation/canonical_amplitude_estimation.hpp
-- Up-to-date: /work/install-core/include/qristal/core/passes
-- Up-to-date: /work/install-core/include/qristal/core/passes/base_pass.hpp
-- Up-to-date: /work/install-core/include/qristal/core/passes/swap_placement_pass.hpp
-- Up-to-date: /work/install-core/include/qristal/core/passes/gate_deferral_pass.hpp
-- Up-to-date: /work/install-core/include/qristal/core/passes/noise_aware_placement_pass.hpp
-- Up-to-date: /work/install-core/include/qristal/core/passes/circuit_opt_passes.hpp
-- Up-to-date: /work/install-core/include/qristal/core/passes/noise_aware_placement_config.hpp
-- Up-to-date: /work/install-core/include/qristal/core/qristal.inc
-- Up-to-date: /work/install-core/include/qristal/core/primitives.hpp
-- Up-to-date: /work/install-core/include/qristal/core/tket
-- Up-to-date: /work/install-core/include/qristal/core/tket/tket_circuit_opt.hpp
-- Up-to-date: /work/install-core/include/qristal/core/tket/tket_placement.hpp
-- Up-to-date: /work/install-core/include/qristal/core/tket/tket_ir_converter.hpp
-- Up-to-date: /work/install-core/include/qristal/core/cmake_variables.hpp
-- Up-to-date: /work/install-core/include/qristal/core/remote_async_accelerator.hpp
-- Up-to-date: /work/install-core/include/qristal/core/qobj
-- Up-to-date: /work/install-core/include/qristal/core/qobj/QuantumBrillianceQobjCompiler.hpp
-- Up-to-date: /work/install-core/include/qristal/core/uccsd
-- Up-to-date: /work/install-core/include/qristal/core/uccsd/fermionic_excitation_generator.hpp
-- Up-to-date: /work/install-core/include/qristal/core/extension_loader.hpp
-- Up-to-date: /work/install-core/include/qristal/core/backend.hpp
-- Up-to-date: /work/install-core/include/qristal/core/utils.hpp
-- Up-to-date: /work/install-core/include/qristal/core/wait_until.hpp
-- Up-to-date: /work/install-core/include/qristal/core/profiler.hpp
-- Up-to-date: /work/install-core/include/qristal/core/cudaq
-- Up-to-date: /work/install-core/include/qristal/core/cudaq/ir_converter.hpp
-- Up-to-date: /work/install-core/include/qristal/core/cudaq/sim_pool.hpp
-- Up-to-date: /work/install-core/include/qristal/core/cudaq/cudaq_acc.hpp
-- Installing: /work/install-core/cmake/afterCPMAddPackage.cmake
-- Installing: /work/install-core/cmake/coreDependencies.cmake
-- Up-to-date: /work/install-core/lib/libqb_gateset_transpiler.so.1.8.1
-- Up-to-date: /work/install-core/lib/libqb_gateset_transpiler.so
-- Up-to-date: /work/install-core/lib/libqb_qobj_compiler.so.1.8.1
-- Up-to-date: /work/install-core/lib/libqb_qobj_compiler.so
-- Up-to-date: /work/install-core/lib/libalgorithm_ae.so.1.8.1
-- Up-to-date: /work/install-core/lib/libalgorithm_ae.so
-- Up-to-date: /work/install-core/lib/libalgorithm_es.so.1.8.1
-- Up-to-date: /work/install-core/lib/libalgorithm_es.so
-- Up-to-date: /work/install-core/lib/libaws_braket.so.1.8.1
-- Up-to-date: /work/install-core/lib/libaws_braket.so
-- Up-to-date: /work/install-core/lib/aws_python_script.py
-- Up-to-date: /work/install-core/lib/libcircuits.so.1.8.1
-- Up-to-date: /work/install-core/lib/libcircuits.so
-- Up-to-date: /work/install-core/lib/libsparse_simulator.so.1.8.1
-- Up-to-date: /work/install-core/lib/libsparse_simulator.so
-- Up-to-date: /work/install-core/lib/libuccsd.so.1.8.1
-- Up-to-date: /work/install-core/lib/libuccsd.so
-- Up-to-date: /work/install-core/lib/libvqe.so.1.8.1
-- Up-to-date: /work/install-core/lib/libvqe.so
-- Up-to-date: /work/install-core/lib/qristal/core.cpython-310-x86_64-linux-gnu.so
-- Up-to-date: /work/install-core/cmake/pycoreTargets.cmake
-- Up-to-date: /work/install-core/cmake/pycoreTargets-release.cmake
-- Up-to-date: /work/install-core/examples/cpp/demo1/demo1.cpp
-- Up-to-date: /work/install-core/examples/cpp/demo1/CMakeLists.txt
-- Up-to-date: /work/install-core/examples/cpp/bell_with_SPAM/bell_with_SPAM.cpp
-- Up-to-date: /work/install-core/examples/cpp/bell_with_SPAM/CMakeLists.txt
-- Up-to-date: /work/install-core/examples/cpp/h1/h1.cpp
-- Up-to-date: /work/install-core/examples/cpp/h1/CMakeLists.txt
-- Up-to-date: /work/install-core/examples/cpp/noise_model/noise_model.cpp
-- Up-to-date: /work/install-core/examples/cpp/noise_model/CMakeLists.txt
-- Up-to-date: /work/install-core/examples/cpp/noise_model_custom_channel/noise_model_custom_channel.cpp
-- Up-to-date: /work/install-core/examples/cpp/noise_model_custom_channel/CMakeLists.txt
-- Up-to-date: /work/install-core/examples/cpp/vqee/vqee_example.cpp
-- Up-to-date: /work/install-core/examples/cpp/vqee/CMakeLists.txt
-- Up-to-date: /work/install-core/examples/cpp/vqeeCalculator/vqee_calculator.cpp
-- Up-to-date: /work/install-core/examples/cpp/vqeeCalculator/CMakeLists.txt
-- Up-to-date: /work/install-core/examples/cpp/qb_mpdo_noisy/qb_mpdo_noisy.cpp
-- Up-to-date: /work/install-core/examples/cpp/qb_mpdo_noisy/CMakeLists.txt
-- Up-to-date: /work/install-core/examples/cpp/qb_purification_noisy/qb_purification_noisy.cpp
-- Up-to-date: /work/install-core/examples/cpp/qb_purification_noisy/CMakeLists.txt
-- Up-to-date: /work/install-core/examples/cpp/qb_mps_noisy/qb_mps_noisy.cpp
-- Up-to-date: /work/install-core/examples/cpp/qb_mps_noisy/CMakeLists.txt
-- Up-to-date: /work/install-core/examples/cpp/parametrization/parametrization_demo.cpp
-- Up-to-date: /work/install-core/examples/cpp/parametrization/CMakeLists.txt
-- Up-to-date: /work/install-core/examples/cpp/qst_fidelity/qst_fidelity_example.cpp
-- Up-to-date: /work/install-core/examples/cpp/qst_fidelity/CMakeLists.txt
-- Up-to-date: /work/install-core/examples/cpp/qst/qst_example.cpp
-- Up-to-date: /work/install-core/examples/cpp/qst/CMakeLists.txt
-- Up-to-date: /work/install-core/examples/cpp/qpt_fidelity_CZ/qpt_fidelity_CZ_example.cpp
-- Up-to-date: /work/install-core/examples/cpp/qpt_fidelity_CZ/CMakeLists.txt
-- Up-to-date: /work/install-core/examples/cpp/qpt_fidelity_rotation_sweep/qpt_fidelity_rotation_sweep_example.cpp
-- Up-to-date: /work/install-core/examples/cpp/qpt_fidelity_rotation_sweep/CMakeLists.txt
-- Up-to-date: /work/install-core/examples/cpp/qpt/qpt_example.cpp
-- Up-to-date: /work/install-core/examples/cpp/qpt/CMakeLists.txt
-- Up-to-date: /work/install-core/examples/cpp/rotation_sweep_custom/rotation_sweep_custom_example.cpp
-- Up-to-date: /work/install-core/examples/cpp/rotation_sweep_custom/CMakeLists.txt
-- Up-to-date: /work/install-core/examples/cpp/noise_model_custom_kraus/noise_model_custom_kraus.cpp
-- Up-to-date: /work/install-core/examples/cpp/noise_model_custom_kraus/CMakeLists.txt
-- Up-to-date: /work/install-core/examples/cpp/noise_model_custom_parameterized/noise_model_custom_parameterized.cpp
-- Up-to-date: /work/install-core/examples/cpp/noise_model_custom_parameterized/CMakeLists.txt
-- Up-to-date: /work/install-core/examples/cpp/noise_model_custom_channel_qb_gateset/noise_model_custom_channel_qb_gateset.cpp
-- Up-to-date: /work/install-core/examples/cpp/noise_model_custom_channel_qb_gateset/CMakeLists.txt
-- Up-to-date: /work/install-core/examples/cpp/qft/qft.cpp
-- Up-to-date: /work/install-core/examples/cpp/qft/CMakeLists.txt
-- Up-to-date: /work/install-core/examples/python
-- Up-to-date: /work/install-core/examples/python/cpfd.py
-- Up-to-date: /work/install-core/examples/python/benchmark
-- Up-to-date: /work/install-core/examples/python/benchmark/qpt.py
-- Up-to-date: /work/install-core/examples/python/benchmark/qst.py
-- Up-to-date: /work/install-core/examples/python/benchmark/rotation_sweep_custom_example.py
-- Up-to-date: /work/install-core/examples/python/benchmark/sm2Q_XYCZ.py
-- Up-to-date: /work/install-core/examples/python/benchmark/qpt_fidelity_CZ.py
-- Up-to-date: /work/install-core/examples/python/benchmark/qst_fidelity.py
-- Up-to-date: /work/install-core/examples/python/benchmark/pyGSTi.py
-- Up-to-date: /work/install-core/examples/python/benchmark/qpt_fidelity_rotation_sweep.py
-- Up-to-date: /work/install-core/examples/python/qft.py
-- Up-to-date: /work/install-core/examples/python/amcu.py
-- Up-to-date: /work/install-core/examples/python/mcx.py
-- Up-to-date: /work/install-core/examples/python/circuit_append.py
-- Up-to-date: /work/install-core/examples/python/generalised_mcx.py
-- Up-to-date: /work/install-core/examples/python/vqee_example_4.py
-- Up-to-date: /work/install-core/examples/python/controlled_swap.py
-- Up-to-date: /work/install-core/examples/python/noise_mitigation.py
-- Up-to-date: /work/install-core/examples/python/vqee_example_5.py
-- Up-to-date: /work/install-core/examples/python/qb_mpdo_noisy.py
-- Up-to-date: /work/install-core/examples/python/comparator.py
-- Up-to-date: /work/install-core/examples/python/noise_model_custom_channel_qb_gateset.py
-- Up-to-date: /work/install-core/examples/python/noise_aware_placement_noise_model.py
-- Up-to-date: /work/install-core/examples/python/vqee_example_1.py
-- Up-to-date: /work/install-core/examples/python/compare_beam_oracle.py
-- Up-to-date: /work/install-core/examples/python/async_example_2.py
-- Up-to-date: /work/install-core/examples/python/exponential_search.py
-- Up-to-date: /work/install-core/examples/python/cudaq_qft.py
-- Up-to-date: /work/install-core/examples/python/parametrization_demo.py
-- Up-to-date: /work/install-core/examples/python/xing_the_xasm.py
-- Up-to-date: /work/install-core/examples/python/aws_braket_qft.py
-- Up-to-date: /work/install-core/examples/python/dj_large.py
-- Up-to-date: /work/install-core/examples/python/noise_aware_placement_aws_rigetti.py
-- Up-to-date: /work/install-core/examples/python/noise_model_custom_parameterized.py
-- Up-to-date: /work/install-core/examples/python/qb_mps_noisy.py
-- Up-to-date: /work/install-core/examples/python/efficient_encoding.py
-- Up-to-date: /work/install-core/examples/python/equality_checker.py
-- Up-to-date: /work/install-core/examples/python/demo1.py
-- Up-to-date: /work/install-core/examples/python/compare_gt.py
-- Up-to-date: /work/install-core/examples/python/bell_with_SPAM.py
-- Up-to-date: /work/install-core/examples/python/noise_model.py
-- Up-to-date: /work/install-core/examples/python/pfd.py
-- Up-to-date: /work/install-core/examples/python/qpe.py
-- Up-to-date: /work/install-core/examples/python/simple_placement.py
-- Up-to-date: /work/install-core/examples/python/noise_model_custom_channel.py
-- Up-to-date: /work/install-core/examples/python/multiplication.py
-- Up-to-date: /work/install-core/examples/python/topology.py
-- Up-to-date: /work/install-core/examples/python/noise_model_custom_kraus.py
-- Up-to-date: /work/install-core/examples/python/subtraction.py
-- Up-to-date: /work/install-core/examples/python/qb_purification_noisy.py
-- Up-to-date: /work/install-core/examples/python/set_circuit.py
-- Up-to-date: /work/install-core/examples/python/amplitude_estimation
-- Up-to-date: /work/install-core/examples/python/amplitude_estimation/MLQAE_parameter_scaling.py
-- Up-to-date: /work/install-core/examples/python/amplitude_estimation/ML_amplitude_estimation.py
-- Up-to-date: /work/install-core/examples/python/amplitude_estimation/ML_amplitude_estimation_parameter_testing.py
-- Up-to-date: /work/install-core/examples/python/amplitude_estimation/methods_comparison.py
-- Up-to-date: /work/install-core/examples/python/amplitude_estimation/canonical_amplitude_estimation.py
-- Up-to-date: /work/install-core/examples/python/amplitude_estimation/canonical_amplitude_estimation_oracle.py
-- Up-to-date: /work/install-core/examples/python/vqee_example_6.py
-- Up-to-date: /work/install-core/examples/python/transpile_cphase.py
-- Up-to-date: /work/install-core/examples/python/qb_statevector_noisy.py
-- Up-to-date: /work/install-core/examples/python/noise_aware_placement.py
-- Up-to-date: /work/install-core/examples/python/controlled_subtraction.py
-- Up-to-date: /work/install-core/examples/python/vqee_example_2.py
-- Up-to-date: /work/install-core/examples/python/circuit_optimization
-- Up-to-date: /work/install-core/examples/python/circuit_optimization/decompose_swap.py
-- Up-to-date: /work/install-core/examples/python/circuit_optimization/optimise_clifford.py
-- Up-to-date: /work/install-core/examples/python/circuit_optimization/circuit_optimizer.py
-- Up-to-date: /work/install-core/examples/python/circuit_optimization/rebase_to_rzrx.py
-- Up-to-date: /work/install-core/examples/python/circuit_optimization/rebase_to_clifford.py
-- Up-to-date: /work/install-core/examples/python/circuit_optimization/simplify_initial_conditions.py
-- Up-to-date: /work/install-core/examples/python/circuit_optimization/sequence_pass.py
-- Up-to-date: /work/install-core/examples/python/circuit_optimization/remove_redundant_gates.py
-- Up-to-date: /work/install-core/examples/python/circuit_optimization/gate_deferral.py
-- Up-to-date: /work/install-core/examples/python/circuit_optimization/optimise_post_routing.py
-- Up-to-date: /work/install-core/examples/python/circuit_optimization/two_qubit_squash.py
-- Up-to-date: /work/install-core/examples/python/circuit_optimization/peephole_optimization.py
-- Up-to-date: /work/install-core/examples/python/circuit_optimization/session_integration.py
-- Up-to-date: /work/install-core/examples/python/circuit_optimization/commute_through_multis.py
-- Up-to-date: /work/install-core/examples/python/async_example_1.py
-- Up-to-date: /work/install-core/examples/python/vqee_example_3.py
-- Up-to-date: /work/install-core/examples/python/superposition_adder.py
-- Up-to-date: /work/install-core/examples/python/quickstart.py
-- Up-to-date: /work/install-core/examples/python/controlled_addition.py
-- Up-to-date: /work/install-core/examples/python/amplitude_amplification
-- Up-to-date: /work/install-core/examples/python/amplitude_amplification/amp_amplification_iteration.py
-- Up-to-date: /work/install-core/examples/python/amplitude_amplification/amp_amplification.py
-- Up-to-date: /work/install-core/examples/python/amplitude_amplification/amplitude_amplification.py
-- Up-to-date: /work/install-core/examples/README.md
-- Up-to-date: /work/install-core/tests/XaccInitialisedTests.cpp
-- Up-to-date: /work/install-core/cmake/xacc_utilities.cmake
-- Up-to-date: /work/install-core/cmake/py_packages_path.cmake
-- Up-to-date: /work/install-core/cmake/manifest.json.in
-- Writing SDK package info to location specified using -DPYTHON_PACKAGES_PATH: /work/install-core/python-site.
-- Up-to-date: /work/install-core/qristal_core-config.cmake
-- Up-to-date: /work/install-core/qristal_core-config-version.cmake
-- Up-to-date: /work/install-core/lib/libdecoder.so.1.8.1
-- Up-to-date: /work/install-core/lib/libdecoder.so
-- Up-to-date: /work/install-core/lib/libsimplified_decoder.so.1.8.1
-- Up-to-date: /work/install-core/lib/libsimplified_decoder.so
-- Up-to-date: /work/install-core/include
-- Up-to-date: /work/install-core/include/.gitkeep
-- Up-to-date: /work/install-core/include/qristal
-- Up-to-date: /work/install-core/include/qristal/decoder
-- Up-to-date: /work/install-core/include/qristal/decoder/decoder_kernel.hpp
-- Up-to-date: /work/install-core/include/qristal/decoder/simplified_decoder.hpp
-- Up-to-date: /work/install-core/include/qristal/decoder/quantum_decoder.hpp
-- Up-to-date: /work/install-core/docs/README_decoder.md
