PASS: {
  "shared_libraries": [
    {
      "library": "/work/install-core/lib/libalgorithm_ae.so.1.8.1",
      "search_paths": [
        "0x000000000000001d (RUNPATH)            Library runpath: [$ORIGIN:/work/install-core/lib:/work/install-xacc/lib]"
      ],
      "linkage": [
        "\tlibxacc.so => /work/install-xacc/lib/libxacc.so (0x00007fffff638000)",
        "\tlibCppMicroServices.so.4.0.0 => /work/install-xacc/lib/libCppMicroServices.so.4.0.0 (0x00007fffff547000)",
        "\tlibstdc++.so.6 => /lib/x86_64-linux-gnu/libstdc++.so.6 (0x00007fffff315000)",
        "\tlibm.so.6 => /lib/x86_64-linux-gnu/libm.so.6 (0x00007fffff22e000)",
        "\tlibgcc_s.so.1 => /lib/x86_64-linux-gnu/libgcc_s.so.1 (0x00007fffff20e000)",
        "\tlibc.so.6 => /lib/x86_64-linux-gnu/libc.so.6 (0x00007ffffefe5000)",
        "\tlibcurl.so.4 => /lib/x86_64-linux-gnu/libcurl.so.4 (0x00007ffffef3c000)",
        "\tlibssl.so.3 => /lib/x86_64-linux-gnu/libssl.so.3 (0x00007ffffee98000)",
        "\tlibcrypto.so.3 => /lib/x86_64-linux-gnu/libcrypto.so.3 (0x00007ffffea54000)",
        "\t/lib64/ld-linux-x86-64.so.2 (0x00007ffffffc4000)",
        "\tlibnghttp2.so.14 => /lib/x86_64-linux-gnu/libnghttp2.so.14 (0x00007ffffea2a000)",
        "\tlibidn2.so.0 => /lib/x86_64-linux-gnu/libidn2.so.0 (0x00007ffffea09000)",
        "\tlibrtmp.so.1 => /lib/x86_64-linux-gnu/librtmp.so.1 (0x00007ffffe9e8000)",
        "\tlibssh.so.4 => /lib/x86_64-linux-gnu/libssh.so.4 (0x00007ffffe97a000)",
        "\tlibpsl.so.5 => /lib/x86_64-linux-gnu/libpsl.so.5 (0x00007ffffe966000)",
        "\tlibgssapi_krb5.so.2 => /lib/x86_64-linux-gnu/libgssapi_krb5.so.2 (0x00007ffffe912000)",
        "\tlibldap-2.5.so.0 => /lib/x86_64-linux-gnu/libldap-2.5.so.0 (0x00007ffffe8b2000)",
        "\tliblber-2.5.so.0 => /lib/x86_64-linux-gnu/liblber-2.5.so.0 (0x00007ffffe8a1000)",
        "\tlibzstd.so.1 => /lib/x86_64-linux-gnu/libzstd.so.1 (0x00007ffffe7d0000)",
        "\tlibbrotlidec.so.1 => /lib/x86_64-linux-gnu/libbrotlidec.so.1 (0x00007ffffe7c2000)",
        "\tlibz.so.1 => /lib/x86_64-linux-gnu/libz.so.1 (0x00007ffffe7a6000)",
        "\tlibunistring.so.2 => /lib/x86_64-linux-gnu/libunistring.so.2 (0x00007ffffe5fc000)",
        "\tlibgnutls.so.30 => /lib/x86_64-linux-gnu/libgnutls.so.30 (0x00007ffffe410000)",
        "\tlibhogweed.so.6 => /lib/x86_64-linux-gnu/libhogweed.so.6 (0x00007ffffe3c6000)",
        "\tlibnettle.so.8 => /lib/x86_64-linux-gnu/libnettle.so.8 (0x00007ffffe380000)",
        "\tlibgmp.so.10 => /lib/x86_64-linux-gnu/libgmp.so.10 (0x00007ffffe2fe000)",
        "\tlibkrb5.so.3 => /lib/x86_64-linux-gnu/libkrb5.so.3 (0x00007ffffe233000)",
        "\tlibk5crypto.so.3 => /lib/x86_64-linux-gnu/libk5crypto.so.3 (0x00007ffffe204000)",
        "\tlibcom_err.so.2 => /lib/x86_64-linux-gnu/libcom_err.so.2 (0x00007ffffe1fe000)",
        "\tlibkrb5support.so.0 => /lib/x86_64-linux-gnu/libkrb5support.so.0 (0x00007ffffe1ee000)",
        "\tlibsasl2.so.2 => /lib/x86_64-linux-gnu/libsasl2.so.2 (0x00007ffffe1d3000)",
        "\tlibbrotlicommon.so.1 => /lib/x86_64-linux-gnu/libbrotlicommon.so.1 (0x00007ffffe1b0000)",
        "\tlibp11-kit.so.0 => /lib/x86_64-linux-gnu/libp11-kit.so.0 (0x00007ffffe075000)",
        "\tlibtasn1.so.6 => /lib/x86_64-linux-gnu/libtasn1.so.6 (0x00007ffffe05d000)",
        "\tlibkeyutils.so.1 => /lib/x86_64-linux-gnu/libkeyutils.so.1 (0x00007ffffe054000)",
        "\tlibresolv.so.2 => /lib/x86_64-linux-gnu/libresolv.so.2 (0x00007ffffe041000)",
        "\tlibffi.so.8 => /lib/x86_64-linux-gnu/libffi.so.8 (0x00007ffffe034000)"
      ]
    },
    {
      "library": "/work/install-core/lib/libalgorithm_es.so.1.8.1",
      "search_paths": [
        "0x000000000000001d (RUNPATH)            Library runpath: [$ORIGIN:/work/install-core/lib:/work/install-xacc/lib]"
      ],
      "linkage": [
        "\tlibxacc.so => /work/install-xacc/lib/libxacc.so (0x00007fffff638000)",
        "\tlibCppMicroServices.so.4.0.0 => /work/install-xacc/lib/libCppMicroServices.so.4.0.0 (0x00007fffff547000)",
        "\tlibstdc++.so.6 => /lib/x86_64-linux-gnu/libstdc++.so.6 (0x00007fffff315000)",
        "\tlibm.so.6 => /lib/x86_64-linux-gnu/libm.so.6 (0x00007fffff22e000)",
        "\tlibgcc_s.so.1 => /lib/x86_64-linux-gnu/libgcc_s.so.1 (0x00007fffff20e000)",
        "\tlibc.so.6 => /lib/x86_64-linux-gnu/libc.so.6 (0x00007ffffefe5000)",
        "\tlibcurl.so.4 => /lib/x86_64-linux-gnu/libcurl.so.4 (0x00007ffffef3c000)",
        "\tlibssl.so.3 => /lib/x86_64-linux-gnu/libssl.so.3 (0x00007ffffee98000)",
        "\tlibcrypto.so.3 => /lib/x86_64-linux-gnu/libcrypto.so.3 (0x00007ffffea54000)",
        "\t/lib64/ld-linux-x86-64.so.2 (0x00007ffffffc4000)",
        "\tlibnghttp2.so.14 => /lib/x86_64-linux-gnu/libnghttp2.so.14 (0x00007ffffea2a000)",
        "\tlibidn2.so.0 => /lib/x86_64-linux-gnu/libidn2.so.0 (0x00007ffffea09000)",
        "\tlibrtmp.so.1 => /lib/x86_64-linux-gnu/librtmp.so.1 (0x00007ffffe9e8000)",
        "\tlibssh.so.4 => /lib/x86_64-linux-gnu/libssh.so.4 (0x00007ffffe97a000)",
        "\tlibpsl.so.5 => /lib/x86_64-linux-gnu/libpsl.so.5 (0x00007ffffe966000)",
        "\tlibgssapi_krb5.so.2 => /lib/x86_64-linux-gnu/libgssapi_krb5.so.2 (0x00007ffffe912000)",
        "\tlibldap-2.5.so.0 => /lib/x86_64-linux-gnu/libldap-2.5.so.0 (0x00007ffffe8b2000)",
        "\tliblber-2.5.so.0 => /lib/x86_64-linux-gnu/liblber-2.5.so.0 (0x00007ffffe8a1000)",
        "\tlibzstd.so.1 => /lib/x86_64-linux-gnu/libzstd.so.1 (0x00007ffffe7d0000)",
        "\tlibbrotlidec.so.1 => /lib/x86_64-linux-gnu/libbrotlidec.so.1 (0x00007ffffe7c2000)",
        "\tlibz.so.1 => /lib/x86_64-linux-gnu/libz.so.1 (0x00007ffffe7a6000)",
        "\tlibunistring.so.2 => /lib/x86_64-linux-gnu/libunistring.so.2 (0x00007ffffe5fc000)",
        "\tlibgnutls.so.30 => /lib/x86_64-linux-gnu/libgnutls.so.30 (0x00007ffffe410000)",
        "\tlibhogweed.so.6 => /lib/x86_64-linux-gnu/libhogweed.so.6 (0x00007ffffe3c6000)",
        "\tlibnettle.so.8 => /lib/x86_64-linux-gnu/libnettle.so.8 (0x00007ffffe380000)",
        "\tlibgmp.so.10 => /lib/x86_64-linux-gnu/libgmp.so.10 (0x00007ffffe2fe000)",
        "\tlibkrb5.so.3 => /lib/x86_64-linux-gnu/libkrb5.so.3 (0x00007ffffe233000)",
        "\tlibk5crypto.so.3 => /lib/x86_64-linux-gnu/libk5crypto.so.3 (0x00007ffffe204000)",
        "\tlibcom_err.so.2 => /lib/x86_64-linux-gnu/libcom_err.so.2 (0x00007ffffe1fe000)",
        "\tlibkrb5support.so.0 => /lib/x86_64-linux-gnu/libkrb5support.so.0 (0x00007ffffe1ee000)",
        "\tlibsasl2.so.2 => /lib/x86_64-linux-gnu/libsasl2.so.2 (0x00007ffffe1d3000)",
        "\tlibbrotlicommon.so.1 => /lib/x86_64-linux-gnu/libbrotlicommon.so.1 (0x00007ffffe1b0000)",
        "\tlibp11-kit.so.0 => /lib/x86_64-linux-gnu/libp11-kit.so.0 (0x00007ffffe075000)",
        "\tlibtasn1.so.6 => /lib/x86_64-linux-gnu/libtasn1.so.6 (0x00007ffffe05d000)",
        "\tlibkeyutils.so.1 => /lib/x86_64-linux-gnu/libkeyutils.so.1 (0x00007ffffe054000)",
        "\tlibresolv.so.2 => /lib/x86_64-linux-gnu/libresolv.so.2 (0x00007ffffe041000)",
        "\tlibffi.so.8 => /lib/x86_64-linux-gnu/libffi.so.8 (0x00007ffffe034000)"
      ]
    },
    {
      "library": "/work/install-core/lib/libaws_braket.so.1.8.1",
      "search_paths": [
        "0x000000000000001d (RUNPATH)            Library runpath: [$ORIGIN:/work/install-core/lib:/work/install-xacc/lib]"
      ],
      "linkage": [
        "\tlibcore.so.1.8.1 => /work/install-core/lib/libcore.so.1.8.1 (0x00007fffff39b000)",
        "\tlibxacc-quantum-gate.so => /work/install-xacc/lib/libxacc-quantum-gate.so (0x00007fffff2ae000)",
        "\tlibpython3.10.so.1.0 => /lib/x86_64-linux-gnu/libpython3.10.so.1.0 (0x00007ffffecd1000)",
        "\tlibxacc.so => /work/install-xacc/lib/libxacc.so (0x00007ffffeb72000)",
        "\tlibCppMicroServices.so.4.0.0 => /work/install-xacc/lib/libCppMicroServices.so.4.0.0 (0x00007ffffea81000)",
        "\tlibstdc++.so.6 => /lib/x86_64-linux-gnu/libstdc++.so.6 (0x00007ffffe855000)",
        "\tlibm.so.6 => /lib/x86_64-linux-gnu/libm.so.6 (0x00007ffffe76c000)",
        "\tlibgcc_s.so.1 => /lib/x86_64-linux-gnu/libgcc_s.so.1 (0x00007ffffe74c000)",
        "\tlibc.so.6 => /lib/x86_64-linux-gnu/libc.so.6 (0x00007ffffe523000)",
        "\t/lib64/ld-linux-x86-64.so.2 (0x00007ffffffc4000)",
        "\tlibnoise.so.1.8.1 => /work/install-core/lib/libnoise.so.1.8.1 (0x00007ffffe467000)",
        "\tlibxacc-pauli.so => /work/install-xacc/lib/libxacc-pauli.so (0x00007ffffe405000)",
        "\tlibyaml-cpp.so.0.8 => /work/install-core/lib/libyaml-cpp.so.0.8 (0x00007ffffe3a5000)",
        "\tlibcurl.so.4 => /lib/x86_64-linux-gnu/libcurl.so.4 (0x00007ffffe2fc000)",
        "\tlibssl.so.3 => /lib/x86_64-linux-gnu/libssl.so.3 (0x00007ffffe258000)",
        "\tlibcrypto.so.3 => /lib/x86_64-linux-gnu/libcrypto.so.3 (0x00007ffffde14000)",
        "\tlibgomp.so.1 => /lib/x86_64-linux-gnu/libgomp.so.1 (0x00007ffffddca000)",
        "\tlibxacc-fermion.so => /work/install-xacc/lib/libxacc-fermion.so (0x00007ffffdd86000)",
        "\tlibexpat.so.1 => /lib/x86_64-linux-gnu/libexpat.so.1 (0x00007ffffdd53000)",
        "\tlibz.so.1 => /lib/x86_64-linux-gnu/libz.so.1 (0x00007ffffdd37000)",
        "\tlibantlr4-runtime.so.SOVERSION => /work/install-xacc/lib/libantlr4-runtime.so.SOVERSION (0x00007ffffdc15000)",
        "\tlibnghttp2.so.14 => /lib/x86_64-linux-gnu/libnghttp2.so.14 (0x00007ffffdbeb000)",
        "\tlibidn2.so.0 => /lib/x86_64-linux-gnu/libidn2.so.0 (0x00007ffffdbca000)",
        "\tlibrtmp.so.1 => /lib/x86_64-linux-gnu/librtmp.so.1 (0x00007ffffdba9000)",
        "\tlibssh.so.4 => /lib/x86_64-linux-gnu/libssh.so.4 (0x00007ffffdb3b000)",
        "\tlibpsl.so.5 => /lib/x86_64-linux-gnu/libpsl.so.5 (0x00007ffffdb27000)",
        "\tlibgssapi_krb5.so.2 => /lib/x86_64-linux-gnu/libgssapi_krb5.so.2 (0x00007ffffdad3000)",
        "\tlibldap-2.5.so.0 => /lib/x86_64-linux-gnu/libldap-2.5.so.0 (0x00007ffffda73000)",
        "\tliblber-2.5.so.0 => /lib/x86_64-linux-gnu/liblber-2.5.so.0 (0x00007ffffda62000)",
        "\tlibzstd.so.1 => /lib/x86_64-linux-gnu/libzstd.so.1 (0x00007ffffd991000)",
        "\tlibbrotlidec.so.1 => /lib/x86_64-linux-gnu/libbrotlidec.so.1 (0x00007ffffd983000)",
        "\tlibunistring.so.2 => /lib/x86_64-linux-gnu/libunistring.so.2 (0x00007ffffd7d9000)",
        "\tlibgnutls.so.30 => /lib/x86_64-linux-gnu/libgnutls.so.30 (0x00007ffffd5ed000)",
        "\tlibhogweed.so.6 => /lib/x86_64-linux-gnu/libhogweed.so.6 (0x00007ffffd5a5000)",
        "\tlibnettle.so.8 => /lib/x86_64-linux-gnu/libnettle.so.8 (0x00007ffffd55d000)",
        "\tlibgmp.so.10 => /lib/x86_64-linux-gnu/libgmp.so.10 (0x00007ffffd4db000)",
        "\tlibkrb5.so.3 => /lib/x86_64-linux-gnu/libkrb5.so.3 (0x00007ffffd410000)",
        "\tlibk5crypto.so.3 => /lib/x86_64-linux-gnu/libk5crypto.so.3 (0x00007ffffd3e1000)",
        "\tlibcom_err.so.2 => /lib/x86_64-linux-gnu/libcom_err.so.2 (0x00007ffffd3db000)",
        "\tlibkrb5support.so.0 => /lib/x86_64-linux-gnu/libkrb5support.so.0 (0x00007ffffd3cd000)",
        "\tlibsasl2.so.2 => /lib/x86_64-linux-gnu/libsasl2.so.2 (0x00007ffffd3b0000)",
        "\tlibbrotlicommon.so.1 => /lib/x86_64-linux-gnu/libbrotlicommon.so.1 (0x00007ffffd38d000)",
        "\tlibp11-kit.so.0 => /lib/x86_64-linux-gnu/libp11-kit.so.0 (0x00007ffffd252000)",
        "\tlibtasn1.so.6 => /lib/x86_64-linux-gnu/libtasn1.so.6 (0x00007ffffd23a000)",
        "\tlibkeyutils.so.1 => /lib/x86_64-linux-gnu/libkeyutils.so.1 (0x00007ffffd233000)",
        "\tlibresolv.so.2 => /lib/x86_64-linux-gnu/libresolv.so.2 (0x00007ffffd21e000)",
        "\tlibffi.so.8 => /lib/x86_64-linux-gnu/libffi.so.8 (0x00007ffffd211000)"
      ]
    },
    {
      "library": "/work/install-core/lib/libcircuits.so.1.8.1",
      "search_paths": [
        "0x000000000000001d (RUNPATH)            Library runpath: [$ORIGIN:/work/install-core/lib:/work/install-xacc/lib]"
      ],
      "linkage": [
        "\tlibxacc-quantum-gate.so => /work/install-xacc/lib/libxacc-quantum-gate.so (0x00007fffff5e3000)",
        "\tlibxacc.so => /work/install-xacc/lib/libxacc.so (0x00007fffff484000)",
        "\tlibCppMicroServices.so.4.0.0 => /work/install-xacc/lib/libCppMicroServices.so.4.0.0 (0x00007fffff393000)",
        "\tlibstdc++.so.6 => /lib/x86_64-linux-gnu/libstdc++.so.6 (0x00007fffff161000)",
        "\tlibm.so.6 => /lib/x86_64-linux-gnu/libm.so.6 (0x00007fffff07a000)",
        "\tlibgcc_s.so.1 => /lib/x86_64-linux-gnu/libgcc_s.so.1 (0x00007fffff05a000)",
        "\tlibc.so.6 => /lib/x86_64-linux-gnu/libc.so.6 (0x00007ffffee2f000)",
        "\tlibxacc-pauli.so => /work/install-xacc/lib/libxacc-pauli.so (0x00007ffffedcd000)",
        "\tlibxacc-fermion.so => /work/install-xacc/lib/libxacc-fermion.so (0x00007ffffed89000)",
        "\tlibcurl.so.4 => /lib/x86_64-linux-gnu/libcurl.so.4 (0x00007ffffece2000)",
        "\tlibssl.so.3 => /lib/x86_64-linux-gnu/libssl.so.3 (0x00007ffffec3e000)",
        "\tlibcrypto.so.3 => /lib/x86_64-linux-gnu/libcrypto.so.3 (0x00007ffffe7fa000)",
        "\t/lib64/ld-linux-x86-64.so.2 (0x00007ffffffc4000)",
        "\tlibantlr4-runtime.so.SOVERSION => /work/install-xacc/lib/libantlr4-runtime.so.SOVERSION (0x00007ffffe6d6000)",
        "\tlibnghttp2.so.14 => /lib/x86_64-linux-gnu/libnghttp2.so.14 (0x00007ffffe6ac000)",
        "\tlibidn2.so.0 => /lib/x86_64-linux-gnu/libidn2.so.0 (0x00007ffffe68b000)",
        "\tlibrtmp.so.1 => /lib/x86_64-linux-gnu/librtmp.so.1 (0x00007ffffe66c000)",
        "\tlibssh.so.4 => /lib/x86_64-linux-gnu/libssh.so.4 (0x00007ffffe5fe000)",
        "\tlibpsl.so.5 => /lib/x86_64-linux-gnu/libpsl.so.5 (0x00007ffffe5e8000)",
        "\tlibgssapi_krb5.so.2 => /lib/x86_64-linux-gnu/libgssapi_krb5.so.2 (0x00007ffffe594000)",
        "\tlibldap-2.5.so.0 => /lib/x86_64-linux-gnu/libldap-2.5.so.0 (0x00007ffffe534000)",
        "\tliblber-2.5.so.0 => /lib/x86_64-linux-gnu/liblber-2.5.so.0 (0x00007ffffe523000)",
        "\tlibzstd.so.1 => /lib/x86_64-linux-gnu/libzstd.so.1 (0x00007ffffe454000)",
        "\tlibbrotlidec.so.1 => /lib/x86_64-linux-gnu/libbrotlidec.so.1 (0x00007ffffe446000)",
        "\tlibz.so.1 => /lib/x86_64-linux-gnu/libz.so.1 (0x00007ffffe428000)",
        "\tlibunistring.so.2 => /lib/x86_64-linux-gnu/libunistring.so.2 (0x00007ffffe27e000)",
        "\tlibgnutls.so.30 => /lib/x86_64-linux-gnu/libgnutls.so.30 (0x00007ffffe092000)",
        "\tlibhogweed.so.6 => /lib/x86_64-linux-gnu/libhogweed.so.6 (0x00007ffffe04a000)",
        "\tlibnettle.so.8 => /lib/x86_64-linux-gnu/libnettle.so.8 (0x00007ffffe004000)",
        "\tlibgmp.so.10 => /lib/x86_64-linux-gnu/libgmp.so.10 (0x00007ffffdf80000)",
        "\tlibkrb5.so.3 => /lib/x86_64-linux-gnu/libkrb5.so.3 (0x00007ffffdeb5000)",
        "\tlibk5crypto.so.3 => /lib/x86_64-linux-gnu/libk5crypto.so.3 (0x00007ffffde86000)",
        "\tlibcom_err.so.2 => /lib/x86_64-linux-gnu/libcom_err.so.2 (0x00007ffffde80000)",
        "\tlibkrb5support.so.0 => /lib/x86_64-linux-gnu/libkrb5support.so.0 (0x00007ffffde72000)",
        "\tlibsasl2.so.2 => /lib/x86_64-linux-gnu/libsasl2.so.2 (0x00007ffffde55000)",
        "\tlibbrotlicommon.so.1 => /lib/x86_64-linux-gnu/libbrotlicommon.so.1 (0x00007ffffde32000)",
        "\tlibp11-kit.so.0 => /lib/x86_64-linux-gnu/libp11-kit.so.0 (0x00007ffffdcf7000)",
        "\tlibtasn1.so.6 => /lib/x86_64-linux-gnu/libtasn1.so.6 (0x00007ffffdcdf000)",
        "\tlibkeyutils.so.1 => /lib/x86_64-linux-gnu/libkeyutils.so.1 (0x00007ffffdcd8000)",
        "\tlibresolv.so.2 => /lib/x86_64-linux-gnu/libresolv.so.2 (0x00007ffffdcc3000)",
        "\tlibffi.so.8 => /lib/x86_64-linux-gnu/libffi.so.8 (0x00007ffffdcb6000)"
      ]
    },
    {
      "library": "/work/install-core/lib/libcore.so.1.8.1",
      "search_paths": [
        "0x000000000000001d (RUNPATH)            Library runpath: [$ORIGIN:/work/install-core/lib:/work/install-xacc/lib]"
      ],
      "linkage": [
        "\tlibnoise.so.1.8.1 => /work/install-core/lib/libnoise.so.1.8.1 (0x00007fffff371000)",
        "\tlibxacc-quantum-gate.so => /work/install-xacc/lib/libxacc-quantum-gate.so (0x00007fffff284000)",
        "\tlibxacc-pauli.so => /work/install-xacc/lib/libxacc-pauli.so (0x00007fffff222000)",
        "\tlibyaml-cpp.so.0.8 => /work/install-core/lib/libyaml-cpp.so.0.8 (0x00007fffff1c2000)",
        "\tlibxacc.so => /work/install-xacc/lib/libxacc.so (0x00007fffff063000)",
        "\tlibCppMicroServices.so.4.0.0 => /work/install-xacc/lib/libCppMicroServices.so.4.0.0 (0x00007ffffef72000)",
        "\tlibcurl.so.4 => /lib/x86_64-linux-gnu/libcurl.so.4 (0x00007ffffeec3000)",
        "\tlibssl.so.3 => /lib/x86_64-linux-gnu/libssl.so.3 (0x00007ffffee1f000)",
        "\tlibcrypto.so.3 => /lib/x86_64-linux-gnu/libcrypto.so.3 (0x00007ffffe9db000)",
        "\tlibstdc++.so.6 => /lib/x86_64-linux-gnu/libstdc++.so.6 (0x00007ffffe7af000)",
        "\tlibm.so.6 => /lib/x86_64-linux-gnu/libm.so.6 (0x00007ffffe6c8000)",
        "\tlibgomp.so.1 => /lib/x86_64-linux-gnu/libgomp.so.1 (0x00007ffffe67e000)",
        "\tlibgcc_s.so.1 => /lib/x86_64-linux-gnu/libgcc_s.so.1 (0x00007ffffe65c000)",
        "\tlibc.so.6 => /lib/x86_64-linux-gnu/libc.so.6 (0x00007ffffe433000)",
        "\t/lib64/ld-linux-x86-64.so.2 (0x00007ffffffc4000)",
        "\tlibxacc-fermion.so => /work/install-xacc/lib/libxacc-fermion.so (0x00007ffffe3ef000)",
        "\tlibantlr4-runtime.so.SOVERSION => /work/install-xacc/lib/libantlr4-runtime.so.SOVERSION (0x00007ffffe2cd000)",
        "\tlibnghttp2.so.14 => /lib/x86_64-linux-gnu/libnghttp2.so.14 (0x00007ffffe2a3000)",
        "\tlibidn2.so.0 => /lib/x86_64-linux-gnu/libidn2.so.0 (0x00007ffffe280000)",
        "\tlibrtmp.so.1 => /lib/x86_64-linux-gnu/librtmp.so.1 (0x00007ffffe261000)",
        "\tlibssh.so.4 => /lib/x86_64-linux-gnu/libssh.so.4 (0x00007ffffe1f3000)",
        "\tlibpsl.so.5 => /lib/x86_64-linux-gnu/libpsl.so.5 (0x00007ffffe1df000)",
        "\tlibgssapi_krb5.so.2 => /lib/x86_64-linux-gnu/libgssapi_krb5.so.2 (0x00007ffffe18b000)",
        "\tlibldap-2.5.so.0 => /lib/x86_64-linux-gnu/libldap-2.5.so.0 (0x00007ffffe12b000)",
        "\tliblber-2.5.so.0 => /lib/x86_64-linux-gnu/liblber-2.5.so.0 (0x00007ffffe118000)",
        "\tlibzstd.so.1 => /lib/x86_64-linux-gnu/libzstd.so.1 (0x00007ffffe049000)",
        "\tlibbrotlidec.so.1 => /lib/x86_64-linux-gnu/libbrotlidec.so.1 (0x00007ffffe03b000)",
        "\tlibz.so.1 => /lib/x86_64-linux-gnu/libz.so.1 (0x00007ffffe01f000)",
        "\tlibunistring.so.2 => /lib/x86_64-linux-gnu/libunistring.so.2 (0x00007ffffde75000)",
        "\tlibgnutls.so.30 => /lib/x86_64-linux-gnu/libgnutls.so.30 (0x00007ffffdc87000)",
        "\tlibhogweed.so.6 => /lib/x86_64-linux-gnu/libhogweed.so.6 (0x00007ffffdc3f000)",
        "\tlibnettle.so.8 => /lib/x86_64-linux-gnu/libnettle.so.8 (0x00007ffffdbf9000)",
        "\tlibgmp.so.10 => /lib/x86_64-linux-gnu/libgmp.so.10 (0x00007ffffdb77000)",
        "\tlibkrb5.so.3 => /lib/x86_64-linux-gnu/libkrb5.so.3 (0x00007ffffdaac000)",
        "\tlibk5crypto.so.3 => /lib/x86_64-linux-gnu/libk5crypto.so.3 (0x00007ffffda7d000)",
        "\tlibcom_err.so.2 => /lib/x86_64-linux-gnu/libcom_err.so.2 (0x00007ffffda75000)",
        "\tlibkrb5support.so.0 => /lib/x86_64-linux-gnu/libkrb5support.so.0 (0x00007ffffda67000)",
        "\tlibsasl2.so.2 => /lib/x86_64-linux-gnu/libsasl2.so.2 (0x00007ffffda4c000)",
        "\tlibbrotlicommon.so.1 => /lib/x86_64-linux-gnu/libbrotlicommon.so.1 (0x00007ffffda29000)",
        "\tlibp11-kit.so.0 => /lib/x86_64-linux-gnu/libp11-kit.so.0 (0x00007ffffd8ee000)",
        "\tlibtasn1.so.6 => /lib/x86_64-linux-gnu/libtasn1.so.6 (0x00007ffffd8d4000)",
        "\tlibkeyutils.so.1 => /lib/x86_64-linux-gnu/libkeyutils.so.1 (0x00007ffffd8cd000)",
        "\tlibresolv.so.2 => /lib/x86_64-linux-gnu/libresolv.so.2 (0x00007ffffd8ba000)",
        "\tlibffi.so.8 => /lib/x86_64-linux-gnu/libffi.so.8 (0x00007ffffd8ad000)"
      ]
    },
    {
      "library": "/work/install-core/lib/libdecoder.so.1.8.1",
      "search_paths": [
        "0x000000000000001d (RUNPATH)            Library runpath: [$ORIGIN:/work/install-core/lib:/work/install-xacc/lib]"
      ],
      "linkage": [
        "\tlibxacc-quantum-gate.so => /work/install-xacc/lib/libxacc-quantum-gate.so (0x00007fffff68c000)",
        "\tlibxacc.so => /work/install-xacc/lib/libxacc.so (0x00007fffff52d000)",
        "\tlibCppMicroServices.so.4.0.0 => /work/install-xacc/lib/libCppMicroServices.so.4.0.0 (0x00007fffff43c000)",
        "\tlibstdc++.so.6 => /lib/x86_64-linux-gnu/libstdc++.so.6 (0x00007fffff20a000)",
        "\tlibm.so.6 => /lib/x86_64-linux-gnu/libm.so.6 (0x00007fffff123000)",
        "\tlibgcc_s.so.1 => /lib/x86_64-linux-gnu/libgcc_s.so.1 (0x00007fffff103000)",
        "\tlibc.so.6 => /lib/x86_64-linux-gnu/libc.so.6 (0x00007ffffeed8000)",
        "\tlibxacc-pauli.so => /work/install-xacc/lib/libxacc-pauli.so (0x00007ffffee76000)",
        "\tlibxacc-fermion.so => /work/install-xacc/lib/libxacc-fermion.so (0x00007ffffee32000)",
        "\tlibcurl.so.4 => /lib/x86_64-linux-gnu/libcurl.so.4 (0x00007ffffed8b000)",
        "\tlibssl.so.3 => /lib/x86_64-linux-gnu/libssl.so.3 (0x00007ffffece7000)",
        "\tlibcrypto.so.3 => /lib/x86_64-linux-gnu/libcrypto.so.3 (0x00007ffffe8a3000)",
        "\t/lib64/ld-linux-x86-64.so.2 (0x00007ffffffc4000)",
        "\tlibantlr4-runtime.so.SOVERSION => /work/install-xacc/lib/libantlr4-runtime.so.SOVERSION (0x00007ffffe77f000)",
        "\tlibnghttp2.so.14 => /lib/x86_64-linux-gnu/libnghttp2.so.14 (0x00007ffffe755000)",
        "\tlibidn2.so.0 => /lib/x86_64-linux-gnu/libidn2.so.0 (0x00007ffffe734000)",
        "\tlibrtmp.so.1 => /lib/x86_64-linux-gnu/librtmp.so.1 (0x00007ffffe715000)",
        "\tlibssh.so.4 => /lib/x86_64-linux-gnu/libssh.so.4 (0x00007ffffe6a7000)",
        "\tlibpsl.so.5 => /lib/x86_64-linux-gnu/libpsl.so.5 (0x00007ffffe691000)",
        "\tlibgssapi_krb5.so.2 => /lib/x86_64-linux-gnu/libgssapi_krb5.so.2 (0x00007ffffe63d000)",
        "\tlibldap-2.5.so.0 => /lib/x86_64-linux-gnu/libldap-2.5.so.0 (0x00007ffffe5dd000)",
        "\tliblber-2.5.so.0 => /lib/x86_64-linux-gnu/liblber-2.5.so.0 (0x00007ffffe5cc000)",
        "\tlibzstd.so.1 => /lib/x86_64-linux-gnu/libzstd.so.1 (0x00007ffffe4fd000)",
        "\tlibbrotlidec.so.1 => /lib/x86_64-linux-gnu/libbrotlidec.so.1 (0x00007ffffe4ef000)",
        "\tlibz.so.1 => /lib/x86_64-linux-gnu/libz.so.1 (0x00007ffffe4d1000)",
        "\tlibunistring.so.2 => /lib/x86_64-linux-gnu/libunistring.so.2 (0x00007ffffe327000)",
        "\tlibgnutls.so.30 => /lib/x86_64-linux-gnu/libgnutls.so.30 (0x00007ffffe13b000)",
        "\tlibhogweed.so.6 => /lib/x86_64-linux-gnu/libhogweed.so.6 (0x00007ffffe0f3000)",
        "\tlibnettle.so.8 => /lib/x86_64-linux-gnu/libnettle.so.8 (0x00007ffffe0ad000)",
        "\tlibgmp.so.10 => /lib/x86_64-linux-gnu/libgmp.so.10 (0x00007ffffe029000)",
        "\tlibkrb5.so.3 => /lib/x86_64-linux-gnu/libkrb5.so.3 (0x00007ffffdf5e000)",
        "\tlibk5crypto.so.3 => /lib/x86_64-linux-gnu/libk5crypto.so.3 (0x00007ffffdf2f000)",
        "\tlibcom_err.so.2 => /lib/x86_64-linux-gnu/libcom_err.so.2 (0x00007ffffdf29000)",
        "\tlibkrb5support.so.0 => /lib/x86_64-linux-gnu/libkrb5support.so.0 (0x00007ffffdf1b000)",
        "\tlibsasl2.so.2 => /lib/x86_64-linux-gnu/libsasl2.so.2 (0x00007ffffdefe000)",
        "\tlibbrotlicommon.so.1 => /lib/x86_64-linux-gnu/libbrotlicommon.so.1 (0x00007ffffdedb000)",
        "\tlibp11-kit.so.0 => /lib/x86_64-linux-gnu/libp11-kit.so.0 (0x00007ffffdda0000)",
        "\tlibtasn1.so.6 => /lib/x86_64-linux-gnu/libtasn1.so.6 (0x00007ffffdd88000)",
        "\tlibkeyutils.so.1 => /lib/x86_64-linux-gnu/libkeyutils.so.1 (0x00007ffffdd81000)",
        "\tlibresolv.so.2 => /lib/x86_64-linux-gnu/libresolv.so.2 (0x00007ffffdd6c000)",
        "\tlibffi.so.8 => /lib/x86_64-linux-gnu/libffi.so.8 (0x00007ffffdd5f000)"
      ]
    },
    {
      "library": "/work/install-core/lib/libnoise.so.1.8.1",
      "search_paths": [
        "0x000000000000001d (RUNPATH)            Library runpath: [$ORIGIN:/work/install-core/lib:/work/install-xacc/lib]"
      ],
      "linkage": [
        "\tlibstdc++.so.6 => /lib/x86_64-linux-gnu/libstdc++.so.6 (0x00007fffff4d3000)",
        "\tlibm.so.6 => /lib/x86_64-linux-gnu/libm.so.6 (0x00007fffff3ec000)",
        "\tlibgomp.so.1 => /lib/x86_64-linux-gnu/libgomp.so.1 (0x00007fffff3a2000)",
        "\tlibgcc_s.so.1 => /lib/x86_64-linux-gnu/libgcc_s.so.1 (0x00007fffff382000)",
        "\tlibc.so.6 => /lib/x86_64-linux-gnu/libc.so.6 (0x00007fffff159000)",
        "\t/lib64/ld-linux-x86-64.so.2 (0x00007ffffffc4000)"
      ]
    },
    {
      "library": "/work/install-core/lib/libqb_gateset_transpiler.so.1.8.1",
      "search_paths": [
        "0x000000000000001d (RUNPATH)            Library runpath: [$ORIGIN:/work/install-core/lib:/work/install-xacc/lib]"
      ],
      "linkage": [
        "\tlibxacc-quantum-gate.so => /work/install-xacc/lib/libxacc-quantum-gate.so (0x00007fffff67a000)",
        "\tlibxacc.so => /work/install-xacc/lib/libxacc.so (0x00007fffff51b000)",
        "\tlibCppMicroServices.so.4.0.0 => /work/install-xacc/lib/libCppMicroServices.so.4.0.0 (0x00007fffff42a000)",
        "\tlibstdc++.so.6 => /lib/x86_64-linux-gnu/libstdc++.so.6 (0x00007fffff1f8000)",
        "\tlibm.so.6 => /lib/x86_64-linux-gnu/libm.so.6 (0x00007fffff111000)",
        "\tlibgcc_s.so.1 => /lib/x86_64-linux-gnu/libgcc_s.so.1 (0x00007fffff0f1000)",
        "\tlibc.so.6 => /lib/x86_64-linux-gnu/libc.so.6 (0x00007ffffeec6000)",
        "\tlibxacc-pauli.so => /work/install-xacc/lib/libxacc-pauli.so (0x00007ffffee64000)",
        "\tlibxacc-fermion.so => /work/install-xacc/lib/libxacc-fermion.so (0x00007ffffee20000)",
        "\tlibcurl.so.4 => /lib/x86_64-linux-gnu/libcurl.so.4 (0x00007ffffed79000)",
        "\tlibssl.so.3 => /lib/x86_64-linux-gnu/libssl.so.3 (0x00007ffffecd5000)",
        "\tlibcrypto.so.3 => /lib/x86_64-linux-gnu/libcrypto.so.3 (0x00007ffffe891000)",
        "\t/lib64/ld-linux-x86-64.so.2 (0x00007ffffffc4000)",
        "\tlibantlr4-runtime.so.SOVERSION => /work/install-xacc/lib/libantlr4-runtime.so.SOVERSION (0x00007ffffe76d000)",
        "\tlibnghttp2.so.14 => /lib/x86_64-linux-gnu/libnghttp2.so.14 (0x00007ffffe743000)",
        "\tlibidn2.so.0 => /lib/x86_64-linux-gnu/libidn2.so.0 (0x00007ffffe722000)",
        "\tlibrtmp.so.1 => /lib/x86_64-linux-gnu/librtmp.so.1 (0x00007ffffe703000)",
        "\tlibssh.so.4 => /lib/x86_64-linux-gnu/libssh.so.4 (0x00007ffffe695000)",
        "\tlibpsl.so.5 => /lib/x86_64-linux-gnu/libpsl.so.5 (0x00007ffffe67f000)",
        "\tlibgssapi_krb5.so.2 => /lib/x86_64-linux-gnu/libgssapi_krb5.so.2 (0x00007ffffe62b000)",
        "\tlibldap-2.5.so.0 => /lib/x86_64-linux-gnu/libldap-2.5.so.0 (0x00007ffffe5cb000)",
        "\tliblber-2.5.so.0 => /lib/x86_64-linux-gnu/liblber-2.5.so.0 (0x00007ffffe5ba000)",
        "\tlibzstd.so.1 => /lib/x86_64-linux-gnu/libzstd.so.1 (0x00007ffffe4eb000)",
        "\tlibbrotlidec.so.1 => /lib/x86_64-linux-gnu/libbrotlidec.so.1 (0x00007ffffe4dd000)",
        "\tlibz.so.1 => /lib/x86_64-linux-gnu/libz.so.1 (0x00007ffffe4bf000)",
        "\tlibunistring.so.2 => /lib/x86_64-linux-gnu/libunistring.so.2 (0x00007ffffe315000)",
        "\tlibgnutls.so.30 => /lib/x86_64-linux-gnu/libgnutls.so.30 (0x00007ffffe129000)",
        "\tlibhogweed.so.6 => /lib/x86_64-linux-gnu/libhogweed.so.6 (0x00007ffffe0e1000)",
        "\tlibnettle.so.8 => /lib/x86_64-linux-gnu/libnettle.so.8 (0x00007ffffe09b000)",
        "\tlibgmp.so.10 => /lib/x86_64-linux-gnu/libgmp.so.10 (0x00007ffffe017000)",
        "\tlibkrb5.so.3 => /lib/x86_64-linux-gnu/libkrb5.so.3 (0x00007ffffdf4c000)",
        "\tlibk5crypto.so.3 => /lib/x86_64-linux-gnu/libk5crypto.so.3 (0x00007ffffdf1d000)",
        "\tlibcom_err.so.2 => /lib/x86_64-linux-gnu/libcom_err.so.2 (0x00007ffffdf17000)",
        "\tlibkrb5support.so.0 => /lib/x86_64-linux-gnu/libkrb5support.so.0 (0x00007ffffdf09000)",
        "\tlibsasl2.so.2 => /lib/x86_64-linux-gnu/libsasl2.so.2 (0x00007ffffdeec000)",
        "\tlibbrotlicommon.so.1 => /lib/x86_64-linux-gnu/libbrotlicommon.so.1 (0x00007ffffdec9000)",
        "\tlibp11-kit.so.0 => /lib/x86_64-linux-gnu/libp11-kit.so.0 (0x00007ffffdd8e000)",
        "\tlibtasn1.so.6 => /lib/x86_64-linux-gnu/libtasn1.so.6 (0x00007ffffdd76000)",
        "\tlibkeyutils.so.1 => /lib/x86_64-linux-gnu/libkeyutils.so.1 (0x00007ffffdd6f000)",
        "\tlibresolv.so.2 => /lib/x86_64-linux-gnu/libresolv.so.2 (0x00007ffffdd5a000)",
        "\tlibffi.so.8 => /lib/x86_64-linux-gnu/libffi.so.8 (0x00007ffffdd4d000)"
      ]
    },
    {
      "library": "/work/install-core/lib/libqb_qobj_compiler.so.1.8.1",
      "search_paths": [
        "0x000000000000001d (RUNPATH)            Library runpath: [$ORIGIN:/work/install-core/lib:/work/install-xacc/lib]"
      ],
      "linkage": [
        "\tlibxacc-quantum-gate.so => /work/install-xacc/lib/libxacc-quantum-gate.so (0x00007fffff681000)",
        "\tlibxacc.so => /work/install-xacc/lib/libxacc.so (0x00007fffff522000)",
        "\tlibCppMicroServices.so.4.0.0 => /work/install-xacc/lib/libCppMicroServices.so.4.0.0 (0x00007fffff431000)",
        "\tlibstdc++.so.6 => /lib/x86_64-linux-gnu/libstdc++.so.6 (0x00007fffff1ff000)",
        "\tlibgcc_s.so.1 => /lib/x86_64-linux-gnu/libgcc_s.so.1 (0x00007fffff1df000)",
        "\tlibc.so.6 => /lib/x86_64-linux-gnu/libc.so.6 (0x00007ffffefb6000)",
        "\tlibxacc-pauli.so => /work/install-xacc/lib/libxacc-pauli.so (0x00007ffffef52000)",
        "\tlibxacc-fermion.so => /work/install-xacc/lib/libxacc-fermion.so (0x00007ffffef0e000)",
        "\tlibm.so.6 => /lib/x86_64-linux-gnu/libm.so.6 (0x00007ffffee27000)",
        "\tlibcurl.so.4 => /lib/x86_64-linux-gnu/libcurl.so.4 (0x00007ffffed80000)",
        "\tlibssl.so.3 => /lib/x86_64-linux-gnu/libssl.so.3 (0x00007ffffecdc000)",
        "\tlibcrypto.so.3 => /lib/x86_64-linux-gnu/libcrypto.so.3 (0x00007ffffe898000)",
        "\t/lib64/ld-linux-x86-64.so.2 (0x00007ffffffc4000)",
        "\tlibantlr4-runtime.so.SOVERSION => /work/install-xacc/lib/libantlr4-runtime.so.SOVERSION (0x00007ffffe774000)",
        "\tlibnghttp2.so.14 => /lib/x86_64-linux-gnu/libnghttp2.so.14 (0x00007ffffe74a000)",
        "\tlibidn2.so.0 => /lib/x86_64-linux-gnu/libidn2.so.0 (0x00007ffffe729000)",
        "\tlibrtmp.so.1 => /lib/x86_64-linux-gnu/librtmp.so.1 (0x00007ffffe70a000)",
        "\tlibssh.so.4 => /lib/x86_64-linux-gnu/libssh.so.4 (0x00007ffffe69c000)",
        "\tlibpsl.so.5 => /lib/x86_64-linux-gnu/libpsl.so.5 (0x00007ffffe686000)",
        "\tlibgssapi_krb5.so.2 => /lib/x86_64-linux-gnu/libgssapi_krb5.so.2 (0x00007ffffe632000)",
        "\tlibldap-2.5.so.0 => /lib/x86_64-linux-gnu/libldap-2.5.so.0 (0x00007ffffe5d2000)",
        "\tliblber-2.5.so.0 => /lib/x86_64-linux-gnu/liblber-2.5.so.0 (0x00007ffffe5c1000)",
        "\tlibzstd.so.1 => /lib/x86_64-linux-gnu/libzstd.so.1 (0x00007ffffe4f2000)",
        "\tlibbrotlidec.so.1 => /lib/x86_64-linux-gnu/libbrotlidec.so.1 (0x00007ffffe4e4000)",
        "\tlibz.so.1 => /lib/x86_64-linux-gnu/libz.so.1 (0x00007ffffe4c6000)",
        "\tlibunistring.so.2 => /lib/x86_64-linux-gnu/libunistring.so.2 (0x00007ffffe31c000)",
        "\tlibgnutls.so.30 => /lib/x86_64-linux-gnu/libgnutls.so.30 (0x00007ffffe130000)",
        "\tlibhogweed.so.6 => /lib/x86_64-linux-gnu/libhogweed.so.6 (0x00007ffffe0e8000)",
        "\tlibnettle.so.8 => /lib/x86_64-linux-gnu/libnettle.so.8 (0x00007ffffe0a2000)",
        "\tlibgmp.so.10 => /lib/x86_64-linux-gnu/libgmp.so.10 (0x00007ffffe01e000)",
        "\tlibkrb5.so.3 => /lib/x86_64-linux-gnu/libkrb5.so.3 (0x00007ffffdf53000)",
        "\tlibk5crypto.so.3 => /lib/x86_64-linux-gnu/libk5crypto.so.3 (0x00007ffffdf24000)",
        "\tlibcom_err.so.2 => /lib/x86_64-linux-gnu/libcom_err.so.2 (0x00007ffffdf1e000)",
        "\tlibkrb5support.so.0 => /lib/x86_64-linux-gnu/libkrb5support.so.0 (0x00007ffffdf10000)",
        "\tlibsasl2.so.2 => /lib/x86_64-linux-gnu/libsasl2.so.2 (0x00007ffffdef3000)",
        "\tlibbrotlicommon.so.1 => /lib/x86_64-linux-gnu/libbrotlicommon.so.1 (0x00007ffffded0000)",
        "\tlibp11-kit.so.0 => /lib/x86_64-linux-gnu/libp11-kit.so.0 (0x00007ffffdd95000)",
        "\tlibtasn1.so.6 => /lib/x86_64-linux-gnu/libtasn1.so.6 (0x00007ffffdd7d000)",
        "\tlibkeyutils.so.1 => /lib/x86_64-linux-gnu/libkeyutils.so.1 (0x00007ffffdd76000)",
        "\tlibresolv.so.2 => /lib/x86_64-linux-gnu/libresolv.so.2 (0x00007ffffdd61000)",
        "\tlibffi.so.8 => /lib/x86_64-linux-gnu/libffi.so.8 (0x00007ffffdd54000)"
      ]
    },
    {
      "library": "/work/install-core/lib/libsimplified_decoder.so.1.8.1",
      "search_paths": [
        "0x000000000000001d (RUNPATH)            Library runpath: [$ORIGIN:/work/install-core/lib:/work/install-xacc/lib]"
      ],
      "linkage": [
        "\tlibcore.so.1.8.1 => /work/install-core/lib/libcore.so.1.8.1 (0x00007fffff40b000)",
        "\tlibxacc.so => /work/install-xacc/lib/libxacc.so (0x00007fffff2ac000)",
        "\tlibCppMicroServices.so.4.0.0 => /work/install-xacc/lib/libCppMicroServices.so.4.0.0 (0x00007fffff1bb000)",
        "\tlibstdc++.so.6 => /lib/x86_64-linux-gnu/libstdc++.so.6 (0x00007ffffef89000)",
        "\tlibm.so.6 => /lib/x86_64-linux-gnu/libm.so.6 (0x00007ffffeea2000)",
        "\tlibgcc_s.so.1 => /lib/x86_64-linux-gnu/libgcc_s.so.1 (0x00007ffffee82000)",
        "\tlibc.so.6 => /lib/x86_64-linux-gnu/libc.so.6 (0x00007ffffec57000)",
        "\tlibnoise.so.1.8.1 => /work/install-core/lib/libnoise.so.1.8.1 (0x00007ffffeb9b000)",
        "\tlibxacc-quantum-gate.so => /work/install-xacc/lib/libxacc-quantum-gate.so (0x00007ffffeaae000)",
        "\tlibxacc-pauli.so => /work/install-xacc/lib/libxacc-pauli.so (0x00007ffffea4c000)",
        "\tlibyaml-cpp.so.0.8 => /work/install-core/lib/libyaml-cpp.so.0.8 (0x00007ffffe9ec000)",
        "\tlibcurl.so.4 => /lib/x86_64-linux-gnu/libcurl.so.4 (0x00007ffffe945000)",
        "\tlibssl.so.3 => /lib/x86_64-linux-gnu/libssl.so.3 (0x00007ffffe89f000)",
        "\tlibcrypto.so.3 => /lib/x86_64-linux-gnu/libcrypto.so.3 (0x00007ffffe45b000)",
        "\tlibgomp.so.1 => /lib/x86_64-linux-gnu/libgomp.so.1 (0x00007ffffe411000)",
        "\t/lib64/ld-linux-x86-64.so.2 (0x00007ffffffc4000)",
        "\tlibxacc-fermion.so => /work/install-xacc/lib/libxacc-fermion.so (0x00007ffffe3cd000)",
        "\tlibantlr4-runtime.so.SOVERSION => /work/install-xacc/lib/libantlr4-runtime.so.SOVERSION (0x00007ffffe2ab000)",
        "\tlibnghttp2.so.14 => /lib/x86_64-linux-gnu/libnghttp2.so.14 (0x00007ffffe27f000)",
        "\tlibidn2.so.0 => /lib/x86_64-linux-gnu/libidn2.so.0 (0x00007ffffe25e000)",
        "\tlibrtmp.so.1 => /lib/x86_64-linux-gnu/librtmp.so.1 (0x00007ffffe23f000)",
        "\tlibssh.so.4 => /lib/x86_64-linux-gnu/libssh.so.4 (0x00007ffffe1d1000)",
        "\tlibpsl.so.5 => /lib/x86_64-linux-gnu/libpsl.so.5 (0x00007ffffe1bd000)",
        "\tlibgssapi_krb5.so.2 => /lib/x86_64-linux-gnu/libgssapi_krb5.so.2 (0x00007ffffe169000)",
        "\tlibldap-2.5.so.0 => /lib/x86_64-linux-gnu/libldap-2.5.so.0 (0x00007ffffe107000)",
        "\tliblber-2.5.so.0 => /lib/x86_64-linux-gnu/liblber-2.5.so.0 (0x00007ffffe0f6000)",
        "\tlibzstd.so.1 => /lib/x86_64-linux-gnu/libzstd.so.1 (0x00007ffffe027000)",
        "\tlibbrotlidec.so.1 => /lib/x86_64-linux-gnu/libbrotlidec.so.1 (0x00007ffffe019000)",
        "\tlibz.so.1 => /lib/x86_64-linux-gnu/libz.so.1 (0x00007ffffdffd000)",
        "\tlibunistring.so.2 => /lib/x86_64-linux-gnu/libunistring.so.2 (0x00007ffffde51000)",
        "\tlibgnutls.so.30 => /lib/x86_64-linux-gnu/libgnutls.so.30 (0x00007ffffdc65000)",
        "\tlibhogweed.so.6 => /lib/x86_64-linux-gnu/libhogweed.so.6 (0x00007ffffdc1d000)",
        "\tlibnettle.so.8 => /lib/x86_64-linux-gnu/libnettle.so.8 (0x00007ffffdbd7000)",
        "\tlibgmp.so.10 => /lib/x86_64-linux-gnu/libgmp.so.10 (0x00007ffffdb55000)",
        "\tlibkrb5.so.3 => /lib/x86_64-linux-gnu/libkrb5.so.3 (0x00007ffffda88000)",
        "\tlibk5crypto.so.3 => /lib/x86_64-linux-gnu/libk5crypto.so.3 (0x00007ffffda59000)",
        "\tlibcom_err.so.2 => /lib/x86_64-linux-gnu/libcom_err.so.2 (0x00007ffffda53000)",
        "\tlibkrb5support.so.0 => /lib/x86_64-linux-gnu/libkrb5support.so.0 (0x00007ffffda45000)",
        "\tlibsasl2.so.2 => /lib/x86_64-linux-gnu/libsasl2.so.2 (0x00007ffffda2a000)",
        "\tlibbrotlicommon.so.1 => /lib/x86_64-linux-gnu/libbrotlicommon.so.1 (0x00007ffffda07000)",
        "\tlibp11-kit.so.0 => /lib/x86_64-linux-gnu/libp11-kit.so.0 (0x00007ffffd8ca000)",
        "\tlibtasn1.so.6 => /lib/x86_64-linux-gnu/libtasn1.so.6 (0x00007ffffd8b2000)",
        "\tlibkeyutils.so.1 => /lib/x86_64-linux-gnu/libkeyutils.so.1 (0x00007ffffd8ab000)",
        "\tlibresolv.so.2 => /lib/x86_64-linux-gnu/libresolv.so.2 (0x00007ffffd898000)",
        "\tlibffi.so.8 => /lib/x86_64-linux-gnu/libffi.so.8 (0x00007ffffd88b000)"
      ]
    },
    {
      "library": "/work/install-core/lib/libsparse_simulator.so.1.8.1",
      "search_paths": [
        "0x000000000000001d (RUNPATH)            Library runpath: [$ORIGIN:/work/install-core/lib:/work/install-xacc/lib]"
      ],
      "linkage": [
        "\tlibxacc-quantum-gate.so => /work/install-xacc/lib/libxacc-quantum-gate.so (0x00007fffff623000)",
        "\tlibxacc.so => /work/install-xacc/lib/libxacc.so (0x00007fffff4c4000)",
        "\tlibCppMicroServices.so.4.0.0 => /work/install-xacc/lib/libCppMicroServices.so.4.0.0 (0x00007fffff3d3000)",
        "\tlibstdc++.so.6 => /lib/x86_64-linux-gnu/libstdc++.so.6 (0x00007fffff1a1000)",
        "\tlibm.so.6 => /lib/x86_64-linux-gnu/libm.so.6 (0x00007fffff0ba000)",
        "\tlibgomp.so.1 => /lib/x86_64-linux-gnu/libgomp.so.1 (0x00007fffff070000)",
        "\tlibgcc_s.so.1 => /lib/x86_64-linux-gnu/libgcc_s.so.1 (0x00007fffff04e000)",
        "\tlibc.so.6 => /lib/x86_64-linux-gnu/libc.so.6 (0x00007ffffee25000)",
        "\tlibxacc-pauli.so => /work/install-xacc/lib/libxacc-pauli.so (0x00007ffffedc3000)",
        "\tlibxacc-fermion.so => /work/install-xacc/lib/libxacc-fermion.so (0x00007ffffed7f000)",
        "\tlibcurl.so.4 => /lib/x86_64-linux-gnu/libcurl.so.4 (0x00007ffffecd8000)",
        "\tlibssl.so.3 => /lib/x86_64-linux-gnu/libssl.so.3 (0x00007ffffec34000)",
        "\tlibcrypto.so.3 => /lib/x86_64-linux-gnu/libcrypto.so.3 (0x00007ffffe7ee000)",
        "\t/lib64/ld-linux-x86-64.so.2 (0x00007ffffffc4000)",
        "\tlibantlr4-runtime.so.SOVERSION => /work/install-xacc/lib/libantlr4-runtime.so.SOVERSION (0x00007ffffe6cc000)",
        "\tlibnghttp2.so.14 => /lib/x86_64-linux-gnu/libnghttp2.so.14 (0x00007ffffe6a2000)",
        "\tlibidn2.so.0 => /lib/x86_64-linux-gnu/libidn2.so.0 (0x00007ffffe681000)",
        "\tlibrtmp.so.1 => /lib/x86_64-linux-gnu/librtmp.so.1 (0x00007ffffe662000)",
        "\tlibssh.so.4 => /lib/x86_64-linux-gnu/libssh.so.4 (0x00007ffffe5f2000)",
        "\tlibpsl.so.5 => /lib/x86_64-linux-gnu/libpsl.so.5 (0x00007ffffe5de000)",
        "\tlibgssapi_krb5.so.2 => /lib/x86_64-linux-gnu/libgssapi_krb5.so.2 (0x00007ffffe58a000)",
        "\tlibldap-2.5.so.0 => /lib/x86_64-linux-gnu/libldap-2.5.so.0 (0x00007ffffe52a000)",
        "\tliblber-2.5.so.0 => /lib/x86_64-linux-gnu/liblber-2.5.so.0 (0x00007ffffe519000)",
        "\tlibzstd.so.1 => /lib/x86_64-linux-gnu/libzstd.so.1 (0x00007ffffe44a000)",
        "\tlibbrotlidec.so.1 => /lib/x86_64-linux-gnu/libbrotlidec.so.1 (0x00007ffffe43a000)",
        "\tlibz.so.1 => /lib/x86_64-linux-gnu/libz.so.1 (0x00007ffffe41e000)",
        "\tlibunistring.so.2 => /lib/x86_64-linux-gnu/libunistring.so.2 (0x00007ffffe274000)",
        "\tlibgnutls.so.30 => /lib/x86_64-linux-gnu/libgnutls.so.30 (0x00007ffffe088000)",
        "\tlibhogweed.so.6 => /lib/x86_64-linux-gnu/libhogweed.so.6 (0x00007ffffe040000)",
        "\tlibnettle.so.8 => /lib/x86_64-linux-gnu/libnettle.so.8 (0x00007ffffdff8000)",
        "\tlibgmp.so.10 => /lib/x86_64-linux-gnu/libgmp.so.10 (0x00007ffffdf76000)",
        "\tlibkrb5.so.3 => /lib/x86_64-linux-gnu/libkrb5.so.3 (0x00007ffffdeab000)",
        "\tlibk5crypto.so.3 => /lib/x86_64-linux-gnu/libk5crypto.so.3 (0x00007ffffde7c000)",
        "\tlibcom_err.so.2 => /lib/x86_64-linux-gnu/libcom_err.so.2 (0x00007ffffde76000)",
        "\tlibkrb5support.so.0 => /lib/x86_64-linux-gnu/libkrb5support.so.0 (0x00007ffffde68000)",
        "\tlibsasl2.so.2 => /lib/x86_64-linux-gnu/libsasl2.so.2 (0x00007ffffde4b000)",
        "\tlibbrotlicommon.so.1 => /lib/x86_64-linux-gnu/libbrotlicommon.so.1 (0x00007ffffde28000)",
        "\tlibp11-kit.so.0 => /lib/x86_64-linux-gnu/libp11-kit.so.0 (0x00007ffffdced000)",
        "\tlibtasn1.so.6 => /lib/x86_64-linux-gnu/libtasn1.so.6 (0x00007ffffdcd5000)",
        "\tlibkeyutils.so.1 => /lib/x86_64-linux-gnu/libkeyutils.so.1 (0x00007ffffdcce000)",
        "\tlibresolv.so.2 => /lib/x86_64-linux-gnu/libresolv.so.2 (0x00007ffffdcb9000)",
        "\tlibffi.so.8 => /lib/x86_64-linux-gnu/libffi.so.8 (0x00007ffffdcac000)"
      ]
    },
    {
      "library": "/work/install-core/lib/libuccsd.so.1.8.1",
      "search_paths": [
        "0x000000000000001d (RUNPATH)            Library runpath: [$ORIGIN:/work/install-core/lib:/work/install-xacc/lib]"
      ],
      "linkage": [
        "\tlibxacc-quantum-gate.so => /work/install-xacc/lib/libxacc-quantum-gate.so (0x00007fffff68a000)",
        "\tlibxacc.so => /work/install-xacc/lib/libxacc.so (0x00007fffff52b000)",
        "\tlibCppMicroServices.so.4.0.0 => /work/install-xacc/lib/libCppMicroServices.so.4.0.0 (0x00007fffff43a000)",
        "\tlibstdc++.so.6 => /lib/x86_64-linux-gnu/libstdc++.so.6 (0x00007fffff208000)",
        "\tlibgcc_s.so.1 => /lib/x86_64-linux-gnu/libgcc_s.so.1 (0x00007fffff1e8000)",
        "\tlibc.so.6 => /lib/x86_64-linux-gnu/libc.so.6 (0x00007ffffefbf000)",
        "\tlibxacc-pauli.so => /work/install-xacc/lib/libxacc-pauli.so (0x00007ffffef5b000)",
        "\tlibxacc-fermion.so => /work/install-xacc/lib/libxacc-fermion.so (0x00007ffffef17000)",
        "\tlibm.so.6 => /lib/x86_64-linux-gnu/libm.so.6 (0x00007ffffee30000)",
        "\tlibcurl.so.4 => /lib/x86_64-linux-gnu/libcurl.so.4 (0x00007ffffed89000)",
        "\tlibssl.so.3 => /lib/x86_64-linux-gnu/libssl.so.3 (0x00007ffffece5000)",
        "\tlibcrypto.so.3 => /lib/x86_64-linux-gnu/libcrypto.so.3 (0x00007ffffe8a1000)",
        "\t/lib64/ld-linux-x86-64.so.2 (0x00007ffffffc4000)",
        "\tlibantlr4-runtime.so.SOVERSION => /work/install-xacc/lib/libantlr4-runtime.so.SOVERSION (0x00007ffffe77d000)",
        "\tlibnghttp2.so.14 => /lib/x86_64-linux-gnu/libnghttp2.so.14 (0x00007ffffe753000)",
        "\tlibidn2.so.0 => /lib/x86_64-linux-gnu/libidn2.so.0 (0x00007ffffe732000)",
        "\tlibrtmp.so.1 => /lib/x86_64-linux-gnu/librtmp.so.1 (0x00007ffffe713000)",
        "\tlibssh.so.4 => /lib/x86_64-linux-gnu/libssh.so.4 (0x00007ffffe6a5000)",
        "\tlibpsl.so.5 => /lib/x86_64-linux-gnu/libpsl.so.5 (0x00007ffffe68f000)",
        "\tlibgssapi_krb5.so.2 => /lib/x86_64-linux-gnu/libgssapi_krb5.so.2 (0x00007ffffe63b000)",
        "\tlibldap-2.5.so.0 => /lib/x86_64-linux-gnu/libldap-2.5.so.0 (0x00007ffffe5db000)",
        "\tliblber-2.5.so.0 => /lib/x86_64-linux-gnu/liblber-2.5.so.0 (0x00007ffffe5ca000)",
        "\tlibzstd.so.1 => /lib/x86_64-linux-gnu/libzstd.so.1 (0x00007ffffe4fb000)",
        "\tlibbrotlidec.so.1 => /lib/x86_64-linux-gnu/libbrotlidec.so.1 (0x00007ffffe4ed000)",
        "\tlibz.so.1 => /lib/x86_64-linux-gnu/libz.so.1 (0x00007ffffe4cf000)",
        "\tlibunistring.so.2 => /lib/x86_64-linux-gnu/libunistring.so.2 (0x00007ffffe325000)",
        "\tlibgnutls.so.30 => /lib/x86_64-linux-gnu/libgnutls.so.30 (0x00007ffffe139000)",
        "\tlibhogweed.so.6 => /lib/x86_64-linux-gnu/libhogweed.so.6 (0x00007ffffe0f1000)",
        "\tlibnettle.so.8 => /lib/x86_64-linux-gnu/libnettle.so.8 (0x00007ffffe0ab000)",
        "\tlibgmp.so.10 => /lib/x86_64-linux-gnu/libgmp.so.10 (0x00007ffffe027000)",
        "\tlibkrb5.so.3 => /lib/x86_64-linux-gnu/libkrb5.so.3 (0x00007ffffdf5c000)",
        "\tlibk5crypto.so.3 => /lib/x86_64-linux-gnu/libk5crypto.so.3 (0x00007ffffdf2d000)",
        "\tlibcom_err.so.2 => /lib/x86_64-linux-gnu/libcom_err.so.2 (0x00007ffffdf27000)",
        "\tlibkrb5support.so.0 => /lib/x86_64-linux-gnu/libkrb5support.so.0 (0x00007ffffdf19000)",
        "\tlibsasl2.so.2 => /lib/x86_64-linux-gnu/libsasl2.so.2 (0x00007ffffdefc000)",
        "\tlibbrotlicommon.so.1 => /lib/x86_64-linux-gnu/libbrotlicommon.so.1 (0x00007ffffded9000)",
        "\tlibp11-kit.so.0 => /lib/x86_64-linux-gnu/libp11-kit.so.0 (0x00007ffffdd9e000)",
        "\tlibtasn1.so.6 => /lib/x86_64-linux-gnu/libtasn1.so.6 (0x00007ffffdd86000)",
        "\tlibkeyutils.so.1 => /lib/x86_64-linux-gnu/libkeyutils.so.1 (0x00007ffffdd7f000)",
        "\tlibresolv.so.2 => /lib/x86_64-linux-gnu/libresolv.so.2 (0x00007ffffdd6a000)",
        "\tlibffi.so.8 => /lib/x86_64-linux-gnu/libffi.so.8 (0x00007ffffdd5d000)"
      ]
    },
    {
      "library": "/work/install-core/lib/libvqe.so.1.8.1",
      "search_paths": [
        "0x000000000000001d (RUNPATH)            Library runpath: [$ORIGIN:/work/install-core/lib:/work/install-xacc/lib]"
      ],
      "linkage": [
        "\tlibxacc.so => /work/install-xacc/lib/libxacc.so (0x00007fffff640000)",
        "\tlibCppMicroServices.so.4.0.0 => /work/install-xacc/lib/libCppMicroServices.so.4.0.0 (0x00007fffff54f000)",
        "\tlibstdc++.so.6 => /lib/x86_64-linux-gnu/libstdc++.so.6 (0x00007fffff31d000)",
        "\tlibgomp.so.1 => /lib/x86_64-linux-gnu/libgomp.so.1 (0x00007fffff2d3000)",
        "\tlibgcc_s.so.1 => /lib/x86_64-linux-gnu/libgcc_s.so.1 (0x00007fffff2b3000)",
        "\tlibc.so.6 => /lib/x86_64-linux-gnu/libc.so.6 (0x00007fffff08a000)",
        "\tlibcurl.so.4 => /lib/x86_64-linux-gnu/libcurl.so.4 (0x00007ffffefe1000)",
        "\tlibssl.so.3 => /lib/x86_64-linux-gnu/libssl.so.3 (0x00007ffffef3d000)",
        "\tlibcrypto.so.3 => /lib/x86_64-linux-gnu/libcrypto.so.3 (0x00007ffffeaf9000)",
        "\t/lib64/ld-linux-x86-64.so.2 (0x00007ffffffc4000)",
        "\tlibm.so.6 => /lib/x86_64-linux-gnu/libm.so.6 (0x00007ffffea12000)",
        "\tlibnghttp2.so.14 => /lib/x86_64-linux-gnu/libnghttp2.so.14 (0x00007ffffe9e8000)",
        "\tlibidn2.so.0 => /lib/x86_64-linux-gnu/libidn2.so.0 (0x00007ffffe9c5000)",
        "\tlibrtmp.so.1 => /lib/x86_64-linux-gnu/librtmp.so.1 (0x00007ffffe9a6000)",
        "\tlibssh.so.4 => /lib/x86_64-linux-gnu/libssh.so.4 (0x00007ffffe938000)",
        "\tlibpsl.so.5 => /lib/x86_64-linux-gnu/libpsl.so.5 (0x00007ffffe924000)",
        "\tlibgssapi_krb5.so.2 => /lib/x86_64-linux-gnu/libgssapi_krb5.so.2 (0x00007ffffe8d0000)",
        "\tlibldap-2.5.so.0 => /lib/x86_64-linux-gnu/libldap-2.5.so.0 (0x00007ffffe870000)",
        "\tliblber-2.5.so.0 => /lib/x86_64-linux-gnu/liblber-2.5.so.0 (0x00007ffffe85d000)",
        "\tlibzstd.so.1 => /lib/x86_64-linux-gnu/libzstd.so.1 (0x00007ffffe78e000)",
        "\tlibbrotlidec.so.1 => /lib/x86_64-linux-gnu/libbrotlidec.so.1 (0x00007ffffe780000)",
        "\tlibz.so.1 => /lib/x86_64-linux-gnu/libz.so.1 (0x00007ffffe764000)",
        "\tlibunistring.so.2 => /lib/x86_64-linux-gnu/libunistring.so.2 (0x00007ffffe5ba000)",
        "\tlibgnutls.so.30 => /lib/x86_64-linux-gnu/libgnutls.so.30 (0x00007ffffe3cc000)",
        "\tlibhogweed.so.6 => /lib/x86_64-linux-gnu/libhogweed.so.6 (0x00007ffffe384000)",
        "\tlibnettle.so.8 => /lib/x86_64-linux-gnu/libnettle.so.8 (0x00007ffffe33e000)",
        "\tlibgmp.so.10 => /lib/x86_64-linux-gnu/libgmp.so.10 (0x00007ffffe2bc000)",
        "\tlibkrb5.so.3 => /lib/x86_64-linux-gnu/libkrb5.so.3 (0x00007ffffe1f1000)",
        "\tlibk5crypto.so.3 => /lib/x86_64-linux-gnu/libk5crypto.so.3 (0x00007ffffe1c2000)",
        "\tlibcom_err.so.2 => /lib/x86_64-linux-gnu/libcom_err.so.2 (0x00007ffffe1ba000)",
        "\tlibkrb5support.so.0 => /lib/x86_64-linux-gnu/libkrb5support.so.0 (0x00007ffffe1ac000)",
        "\tlibsasl2.so.2 => /lib/x86_64-linux-gnu/libsasl2.so.2 (0x00007ffffe191000)",
        "\tlibbrotlicommon.so.1 => /lib/x86_64-linux-gnu/libbrotlicommon.so.1 (0x00007ffffe16e000)",
        "\tlibp11-kit.so.0 => /lib/x86_64-linux-gnu/libp11-kit.so.0 (0x00007ffffe033000)",
        "\tlibtasn1.so.6 => /lib/x86_64-linux-gnu/libtasn1.so.6 (0x00007ffffe019000)",
        "\tlibkeyutils.so.1 => /lib/x86_64-linux-gnu/libkeyutils.so.1 (0x00007ffffe012000)",
        "\tlibresolv.so.2 => /lib/x86_64-linux-gnu/libresolv.so.2 (0x00007ffffdfff000)",
        "\tlibffi.so.8 => /lib/x86_64-linux-gnu/libffi.so.8 (0x00007ffffdff2000)"
      ]
    },
    {
      "library": "/work/install-core/lib/libyaml-cpp.so.0.8.0",
      "search_paths": [
        "0x000000000000001d (RUNPATH)            Library runpath: [/work/install-core/lib]"
      ],
      "linkage": [
        "\tlibstdc++.so.6 => /lib/x86_64-linux-gnu/libstdc++.so.6 (0x00007fffff52f000)",
        "\tlibgcc_s.so.1 => /lib/x86_64-linux-gnu/libgcc_s.so.1 (0x00007fffff50f000)",
        "\tlibc.so.6 => /lib/x86_64-linux-gnu/libc.so.6 (0x00007fffff2e6000)",
        "\tlibm.so.6 => /lib/x86_64-linux-gnu/libm.so.6 (0x00007fffff1ff000)",
        "\t/lib64/ld-linux-x86-64.so.2 (0x00007ffffffc4000)"
      ]
    },
    {
      "library": "/work/install-core/lib/qristal/core.cpython-310-x86_64-linux-gnu.so",
      "search_paths": [
        "0x000000000000001d (RUNPATH)            Library runpath: [$ORIGIN:/work/install-core/lib:/work/install-xacc/lib]"
      ],
      "linkage": [
        "\tlibcore.so.1.8.1 => /work/install-core/lib/libcore.so.1.8.1 (0x00007fffff150000)",
        "\tlibnoise.so.1.8.1 => /work/install-core/lib/libnoise.so.1.8.1 (0x00007fffff094000)",
        "\tlibxacc-pauli.so => /work/install-xacc/lib/libxacc-pauli.so (0x00007fffff032000)",
        "\tlibxacc.so => /work/install-xacc/lib/libxacc.so (0x00007ffffeed3000)",
        "\tlibpython3.10.so.1.0 => /lib/x86_64-linux-gnu/libpython3.10.so.1.0 (0x00007ffffe8f6000)",
        "\tlibstdc++.so.6 => /lib/x86_64-linux-gnu/libstdc++.so.6 (0x00007ffffe6ca000)",
        "\tlibm.so.6 => /lib/x86_64-linux-gnu/libm.so.6 (0x00007ffffe5e1000)",
        "\tlibgomp.so.1 => /lib/x86_64-linux-gnu/libgomp.so.1 (0x00007ffffe597000)",
        "\tlibgcc_s.so.1 => /lib/x86_64-linux-gnu/libgcc_s.so.1 (0x00007ffffe577000)",
        "\tlibc.so.6 => /lib/x86_64-linux-gnu/libc.so.6 (0x00007ffffe34e000)",
        "\t/lib64/ld-linux-x86-64.so.2 (0x00007ffffffc4000)",
        "\tlibxacc-quantum-gate.so => /work/install-xacc/lib/libxacc-quantum-gate.so (0x00007ffffe261000)",
        "\tlibyaml-cpp.so.0.8 => /work/install-core/lib/libyaml-cpp.so.0.8 (0x00007ffffe201000)",
        "\tlibCppMicroServices.so.4.0.0 => /work/install-xacc/lib/libCppMicroServices.so.4.0.0 (0x00007ffffe10e000)",
        "\tlibcurl.so.4 => /lib/x86_64-linux-gnu/libcurl.so.4 (0x00007ffffe067000)",
        "\tlibssl.so.3 => /lib/x86_64-linux-gnu/libssl.so.3 (0x00007ffffdfc3000)",
        "\tlibcrypto.so.3 => /lib/x86_64-linux-gnu/libcrypto.so.3 (0x00007ffffdb7f000)",
        "\tlibantlr4-runtime.so.SOVERSION => /work/install-xacc/lib/libantlr4-runtime.so.SOVERSION (0x00007ffffda5d000)",
        "\tlibexpat.so.1 => /lib/x86_64-linux-gnu/libexpat.so.1 (0x00007ffffda2a000)",
        "\tlibz.so.1 => /lib/x86_64-linux-gnu/libz.so.1 (0x00007ffffda0e000)",
        "\tlibxacc-fermion.so => /work/install-xacc/lib/libxacc-fermion.so (0x00007ffffd9ca000)",
        "\tlibnghttp2.so.14 => /lib/x86_64-linux-gnu/libnghttp2.so.14 (0x00007ffffd9a0000)",
        "\tlibidn2.so.0 => /lib/x86_64-linux-gnu/libidn2.so.0 (0x00007ffffd97f000)",
        "\tlibrtmp.so.1 => /lib/x86_64-linux-gnu/librtmp.so.1 (0x00007ffffd95e000)",
        "\tlibssh.so.4 => /lib/x86_64-linux-gnu/libssh.so.4 (0x00007ffffd8f0000)",
        "\tlibpsl.so.5 => /lib/x86_64-linux-gnu/libpsl.so.5 (0x00007ffffd8dc000)",
        "\tlibgssapi_krb5.so.2 => /lib/x86_64-linux-gnu/libgssapi_krb5.so.2 (0x00007ffffd888000)",
        "\tlibldap-2.5.so.0 => /lib/x86_64-linux-gnu/libldap-2.5.so.0 (0x00007ffffd828000)",
        "\tliblber-2.5.so.0 => /lib/x86_64-linux-gnu/liblber-2.5.so.0 (0x00007ffffd817000)",
        "\tlibzstd.so.1 => /lib/x86_64-linux-gnu/libzstd.so.1 (0x00007ffffd746000)",
        "\tlibbrotlidec.so.1 => /lib/x86_64-linux-gnu/libbrotlidec.so.1 (0x00007ffffd738000)",
        "\tlibunistring.so.2 => /lib/x86_64-linux-gnu/libunistring.so.2 (0x00007ffffd58e000)",
        "\tlibgnutls.so.30 => /lib/x86_64-linux-gnu/libgnutls.so.30 (0x00007ffffd3a2000)",
        "\tlibhogweed.so.6 => /lib/x86_64-linux-gnu/libhogweed.so.6 (0x00007ffffd35a000)",
        "\tlibnettle.so.8 => /lib/x86_64-linux-gnu/libnettle.so.8 (0x00007ffffd312000)",
        "\tlibgmp.so.10 => /lib/x86_64-linux-gnu/libgmp.so.10 (0x00007ffffd290000)",
        "\tlibkrb5.so.3 => /lib/x86_64-linux-gnu/libkrb5.so.3 (0x00007ffffd1c5000)",
        "\tlibk5crypto.so.3 => /lib/x86_64-linux-gnu/libk5crypto.so.3 (0x00007ffffd196000)",
        "\tlibcom_err.so.2 => /lib/x86_64-linux-gnu/libcom_err.so.2 (0x00007ffffd190000)",
        "\tlibkrb5support.so.0 => /lib/x86_64-linux-gnu/libkrb5support.so.0 (0x00007ffffd182000)",
        "\tlibsasl2.so.2 => /lib/x86_64-linux-gnu/libsasl2.so.2 (0x00007ffffd165000)",
        "\tlibbrotlicommon.so.1 => /lib/x86_64-linux-gnu/libbrotlicommon.so.1 (0x00007ffffd142000)",
        "\tlibp11-kit.so.0 => /lib/x86_64-linux-gnu/libp11-kit.so.0 (0x00007ffffd007000)",
        "\tlibtasn1.so.6 => /lib/x86_64-linux-gnu/libtasn1.so.6 (0x00007ffffcfef000)",
        "\tlibkeyutils.so.1 => /lib/x86_64-linux-gnu/libkeyutils.so.1 (0x00007ffffcfe8000)",
        "\tlibresolv.so.2 => /lib/x86_64-linux-gnu/libresolv.so.2 (0x00007ffffcfd3000)",
        "\tlibffi.so.8 => /lib/x86_64-linux-gnu/libffi.so.8 (0x00007ffffcfc6000)"
      ]
    },
    {
      "library": "/work/install-xacc/lib/libCppMicroServices.so.4.0.0",
      "search_paths": [
        "0x000000000000001d (RUNPATH)            Library runpath: [@loader_path]"
      ],
      "linkage": [
        "\tlibstdc++.so.6 => /lib/x86_64-linux-gnu/libstdc++.so.6 (0x00007fffff49e000)",
        "\tlibm.so.6 => /lib/x86_64-linux-gnu/libm.so.6 (0x00007fffff3b7000)",
        "\tlibgcc_s.so.1 => /lib/x86_64-linux-gnu/libgcc_s.so.1 (0x00007fffff397000)",
        "\tlibc.so.6 => /lib/x86_64-linux-gnu/libc.so.6 (0x00007fffff16e000)",
        "\t/lib64/ld-linux-x86-64.so.2 (0x00007ffffffc4000)"
      ]
    },
    {
      "library": "/work/install-xacc/lib/libantlr4-runtime.so.SOVERSION",
      "search_paths": [
        "0x000000000000001d (RUNPATH)            Library runpath: [@loader_path]"
      ],
      "linkage": [
        "\tlibstdc++.so.6 => /lib/x86_64-linux-gnu/libstdc++.so.6 (0x00007fffff46d000)",
        "\tlibgcc_s.so.1 => /lib/x86_64-linux-gnu/libgcc_s.so.1 (0x00007fffff44d000)",
        "\tlibc.so.6 => /lib/x86_64-linux-gnu/libc.so.6 (0x00007fffff224000)",
        "\tlibm.so.6 => /lib/x86_64-linux-gnu/libm.so.6 (0x00007fffff13d000)",
        "\t/lib64/ld-linux-x86-64.so.2 (0x00007ffffffc4000)"
      ]
    },
    {
      "library": "/work/install-xacc/lib/libnlopt.so.0.10.0",
      "search_paths": [
        "0x000000000000001d (RUNPATH)            Library runpath: [/work/install-xacc/lib]"
      ],
      "linkage": [
        "\tlibstdc++.so.6 => /lib/x86_64-linux-gnu/libstdc++.so.6 (0x00007fffff4f1000)",
        "\tlibm.so.6 => /lib/x86_64-linux-gnu/libm.so.6 (0x00007fffff40a000)",
        "\tlibgcc_s.so.1 => /lib/x86_64-linux-gnu/libgcc_s.so.1 (0x00007fffff3ea000)",
        "\tlibc.so.6 => /lib/x86_64-linux-gnu/libc.so.6 (0x00007fffff1c1000)",
        "\t/lib64/ld-linux-x86-64.so.2 (0x00007ffffffc4000)"
      ]
    },
    {
      "library": "/work/install-xacc/lib/libxacc-fermion.so",
      "search_paths": [
        "0x000000000000001d (RUNPATH)            Library runpath: [$ORIGIN]"
      ],
      "linkage": [
        "\tlibxacc.so => /work/install-xacc/lib/libxacc.so (0x00007fffff61e000)",
        "\tlibCppMicroServices.so.4.0.0 => /work/install-xacc/lib/libCppMicroServices.so.4.0.0 (0x00007fffff52d000)",
        "\tlibantlr4-runtime.so.SOVERSION => /work/install-xacc/lib/libantlr4-runtime.so.SOVERSION (0x00007fffff40b000)",
        "\tlibstdc++.so.6 => /lib/x86_64-linux-gnu/libstdc++.so.6 (0x00007fffff1d9000)",
        "\tlibm.so.6 => /lib/x86_64-linux-gnu/libm.so.6 (0x00007fffff0f2000)",
        "\tlibgcc_s.so.1 => /lib/x86_64-linux-gnu/libgcc_s.so.1 (0x00007fffff0d2000)",
        "\tlibc.so.6 => /lib/x86_64-linux-gnu/libc.so.6 (0x00007ffffeea7000)",
        "\tlibcurl.so.4 => /lib/x86_64-linux-gnu/libcurl.so.4 (0x00007ffffee00000)",
        "\tlibssl.so.3 => /lib/x86_64-linux-gnu/libssl.so.3 (0x00007ffffed5c000)",
        "\tlibcrypto.so.3 => /lib/x86_64-linux-gnu/libcrypto.so.3 (0x00007ffffe918000)",
        "\t/lib64/ld-linux-x86-64.so.2 (0x00007ffffffc4000)",
        "\tlibnghttp2.so.14 => /lib/x86_64-linux-gnu/libnghttp2.so.14 (0x00007ffffe8ee000)",
        "\tlibidn2.so.0 => /lib/x86_64-linux-gnu/libidn2.so.0 (0x00007ffffe8cb000)",
        "\tlibrtmp.so.1 => /lib/x86_64-linux-gnu/librtmp.so.1 (0x00007ffffe8ac000)",
        "\tlibssh.so.4 => /lib/x86_64-linux-gnu/libssh.so.4 (0x00007ffffe83e000)",
        "\tlibpsl.so.5 => /lib/x86_64-linux-gnu/libpsl.so.5 (0x00007ffffe82a000)",
        "\tlibgssapi_krb5.so.2 => /lib/x86_64-linux-gnu/libgssapi_krb5.so.2 (0x00007ffffe7d6000)",
        "\tlibldap-2.5.so.0 => /lib/x86_64-linux-gnu/libldap-2.5.so.0 (0x00007ffffe776000)",
        "\tliblber-2.5.so.0 => /lib/x86_64-linux-gnu/liblber-2.5.so.0 (0x00007ffffe763000)",
        "\tlibzstd.so.1 => /lib/x86_64-linux-gnu/libzstd.so.1 (0x00007ffffe694000)",
        "\tlibbrotlidec.so.1 => /lib/x86_64-linux-gnu/libbrotlidec.so.1 (0x00007ffffe686000)",
        "\tlibz.so.1 => /lib/x86_64-linux-gnu/libz.so.1 (0x00007ffffe66a000)",
        "\tlibunistring.so.2 => /lib/x86_64-linux-gnu/libunistring.so.2 (0x00007ffffe4c0000)",
        "\tlibgnutls.so.30 => /lib/x86_64-linux-gnu/libgnutls.so.30 (0x00007ffffe2d2000)",
        "\tlibhogweed.so.6 => /lib/x86_64-linux-gnu/libhogweed.so.6 (0x00007ffffe28a000)",
        "\tlibnettle.so.8 => /lib/x86_64-linux-gnu/libnettle.so.8 (0x00007ffffe244000)",
        "\tlibgmp.so.10 => /lib/x86_64-linux-gnu/libgmp.so.10 (0x00007ffffe1c2000)",
        "\tlibkrb5.so.3 => /lib/x86_64-linux-gnu/libkrb5.so.3 (0x00007ffffe0f7000)",
        "\tlibk5crypto.so.3 => /lib/x86_64-linux-gnu/libk5crypto.so.3 (0x00007ffffe0c8000)",
        "\tlibcom_err.so.2 => /lib/x86_64-linux-gnu/libcom_err.so.2 (0x00007ffffe0c0000)",
        "\tlibkrb5support.so.0 => /lib/x86_64-linux-gnu/libkrb5support.so.0 (0x00007ffffe0b2000)",
        "\tlibsasl2.so.2 => /lib/x86_64-linux-gnu/libsasl2.so.2 (0x00007ffffe097000)",
        "\tlibbrotlicommon.so.1 => /lib/x86_64-linux-gnu/libbrotlicommon.so.1 (0x00007ffffe074000)",
        "\tlibp11-kit.so.0 => /lib/x86_64-linux-gnu/libp11-kit.so.0 (0x00007ffffdf39000)",
        "\tlibtasn1.so.6 => /lib/x86_64-linux-gnu/libtasn1.so.6 (0x00007ffffdf1f000)",
        "\tlibkeyutils.so.1 => /lib/x86_64-linux-gnu/libkeyutils.so.1 (0x00007ffffdf18000)",
        "\tlibresolv.so.2 => /lib/x86_64-linux-gnu/libresolv.so.2 (0x00007ffffdf05000)",
        "\tlibffi.so.8 => /lib/x86_64-linux-gnu/libffi.so.8 (0x00007ffffdef8000)"
      ]
    },
    {
      "library": "/work/install-xacc/lib/libxacc-pauli.so",
      "search_paths": [
        "0x000000000000001d (RUNPATH)            Library runpath: [$ORIGIN]"
      ],
      "linkage": [
        "\tlibxacc.so => /work/install-xacc/lib/libxacc.so (0x00007fffff600000)",
        "\tlibantlr4-runtime.so.SOVERSION => /work/install-xacc/lib/libantlr4-runtime.so.SOVERSION (0x00007fffff4de000)",
        "\tlibCppMicroServices.so.4.0.0 => /work/install-xacc/lib/libCppMicroServices.so.4.0.0 (0x00007fffff3ed000)",
        "\tlibstdc++.so.6 => /lib/x86_64-linux-gnu/libstdc++.so.6 (0x00007fffff1bb000)",
        "\tlibm.so.6 => /lib/x86_64-linux-gnu/libm.so.6 (0x00007fffff0d4000)",
        "\tlibgcc_s.so.1 => /lib/x86_64-linux-gnu/libgcc_s.so.1 (0x00007fffff0b4000)",
        "\tlibc.so.6 => /lib/x86_64-linux-gnu/libc.so.6 (0x00007ffffee89000)",
        "\tlibcurl.so.4 => /lib/x86_64-linux-gnu/libcurl.so.4 (0x00007ffffede2000)",
        "\tlibssl.so.3 => /lib/x86_64-linux-gnu/libssl.so.3 (0x00007ffffed3e000)",
        "\tlibcrypto.so.3 => /lib/x86_64-linux-gnu/libcrypto.so.3 (0x00007ffffe8fa000)",
        "\t/lib64/ld-linux-x86-64.so.2 (0x00007ffffffc4000)",
        "\tlibnghttp2.so.14 => /lib/x86_64-linux-gnu/libnghttp2.so.14 (0x00007ffffe8d0000)",
        "\tlibidn2.so.0 => /lib/x86_64-linux-gnu/libidn2.so.0 (0x00007ffffe8ad000)",
        "\tlibrtmp.so.1 => /lib/x86_64-linux-gnu/librtmp.so.1 (0x00007ffffe88e000)",
        "\tlibssh.so.4 => /lib/x86_64-linux-gnu/libssh.so.4 (0x00007ffffe820000)",
        "\tlibpsl.so.5 => /lib/x86_64-linux-gnu/libpsl.so.5 (0x00007ffffe80c000)",
        "\tlibgssapi_krb5.so.2 => /lib/x86_64-linux-gnu/libgssapi_krb5.so.2 (0x00007ffffe7b8000)",
        "\tlibldap-2.5.so.0 => /lib/x86_64-linux-gnu/libldap-2.5.so.0 (0x00007ffffe758000)",
        "\tliblber-2.5.so.0 => /lib/x86_64-linux-gnu/liblber-2.5.so.0 (0x00007ffffe745000)",
        "\tlibzstd.so.1 => /lib/x86_64-linux-gnu/libzstd.so.1 (0x00007ffffe676000)",
        "\tlibbrotlidec.so.1 => /lib/x86_64-linux-gnu/libbrotlidec.so.1 (0x00007ffffe668000)",
        "\tlibz.so.1 => /lib/x86_64-linux-gnu/libz.so.1 (0x00007ffffe64c000)",
        "\tlibunistring.so.2 => /lib/x86_64-linux-gnu/libunistring.so.2 (0x00007ffffe4a2000)",
        "\tlibgnutls.so.30 => /lib/x86_64-linux-gnu/libgnutls.so.30 (0x00007ffffe2b4000)",
        "\tlibhogweed.so.6 => /lib/x86_64-linux-gnu/libhogweed.so.6 (0x00007ffffe26c000)",
        "\tlibnettle.so.8 => /lib/x86_64-linux-gnu/libnettle.so.8 (0x00007ffffe226000)",
        "\tlibgmp.so.10 => /lib/x86_64-linux-gnu/libgmp.so.10 (0x00007ffffe1a4000)",
        "\tlibkrb5.so.3 => /lib/x86_64-linux-gnu/libkrb5.so.3 (0x00007ffffe0d9000)",
        "\tlibk5crypto.so.3 => /lib/x86_64-linux-gnu/libk5crypto.so.3 (0x00007ffffe0aa000)",
        "\tlibcom_err.so.2 => /lib/x86_64-linux-gnu/libcom_err.so.2 (0x00007ffffe0a2000)",
        "\tlibkrb5support.so.0 => /lib/x86_64-linux-gnu/libkrb5support.so.0 (0x00007ffffe094000)",
        "\tlibsasl2.so.2 => /lib/x86_64-linux-gnu/libsasl2.so.2 (0x00007ffffe079000)",
        "\tlibbrotlicommon.so.1 => /lib/x86_64-linux-gnu/libbrotlicommon.so.1 (0x00007ffffe056000)",
        "\tlibp11-kit.so.0 => /lib/x86_64-linux-gnu/libp11-kit.so.0 (0x00007ffffdf1b000)",
        "\tlibtasn1.so.6 => /lib/x86_64-linux-gnu/libtasn1.so.6 (0x00007ffffdf01000)",
        "\tlibkeyutils.so.1 => /lib/x86_64-linux-gnu/libkeyutils.so.1 (0x00007ffffdefa000)",
        "\tlibresolv.so.2 => /lib/x86_64-linux-gnu/libresolv.so.2 (0x00007ffffdee7000)",
        "\tlibffi.so.8 => /lib/x86_64-linux-gnu/libffi.so.8 (0x00007ffffdeda000)"
      ]
    },
    {
      "library": "/work/install-xacc/lib/libxacc-py-aer-adapter.so",
      "search_paths": [
        "0x000000000000001d (RUNPATH)            Library runpath: [$ORIGIN/../lib]"
      ],
      "linkage": [
        "\tlibpython3.10.so.1.0 => /lib/x86_64-linux-gnu/libpython3.10.so.1.0 (0x00007fffff1c4000)",
        "\tlibstdc++.so.6 => /lib/x86_64-linux-gnu/libstdc++.so.6 (0x00007ffffef98000)",
        "\tlibgcc_s.so.1 => /lib/x86_64-linux-gnu/libgcc_s.so.1 (0x00007ffffef78000)",
        "\tlibc.so.6 => /lib/x86_64-linux-gnu/libc.so.6 (0x00007ffffed4f000)",
        "\tlibexpat.so.1 => /lib/x86_64-linux-gnu/libexpat.so.1 (0x00007ffffed1e000)",
        "\tlibz.so.1 => /lib/x86_64-linux-gnu/libz.so.1 (0x00007ffffed02000)",
        "\tlibm.so.6 => /lib/x86_64-linux-gnu/libm.so.6 (0x00007ffffec19000)",
        "\t/lib64/ld-linux-x86-64.so.2 (0x00007ffffffc4000)"
      ]
    },
    {
      "library": "/work/install-xacc/lib/libxacc-quantum-annealing.so",
      "search_paths": [
        "0x000000000000001d (RUNPATH)            Library runpath: [$ORIGIN]"
      ],
      "linkage": [
        "\tlibxacc.so => /work/install-xacc/lib/libxacc.so (0x00007fffff620000)",
        "\tlibCppMicroServices.so.4.0.0 => /work/install-xacc/lib/libCppMicroServices.so.4.0.0 (0x00007fffff52f000)",
        "\tlibstdc++.so.6 => /lib/x86_64-linux-gnu/libstdc++.so.6 (0x00007fffff2fd000)",
        "\tlibgcc_s.so.1 => /lib/x86_64-linux-gnu/libgcc_s.so.1 (0x00007fffff2dd000)",
        "\tlibc.so.6 => /lib/x86_64-linux-gnu/libc.so.6 (0x00007fffff0b4000)",
        "\tlibcurl.so.4 => /lib/x86_64-linux-gnu/libcurl.so.4 (0x00007fffff00d000)",
        "\tlibssl.so.3 => /lib/x86_64-linux-gnu/libssl.so.3 (0x00007ffffef67000)",
        "\tlibcrypto.so.3 => /lib/x86_64-linux-gnu/libcrypto.so.3 (0x00007ffffeb23000)",
        "\t/lib64/ld-linux-x86-64.so.2 (0x00007ffffffc4000)",
        "\tlibm.so.6 => /lib/x86_64-linux-gnu/libm.so.6 (0x00007ffffea3c000)",
        "\tlibnghttp2.so.14 => /lib/x86_64-linux-gnu/libnghttp2.so.14 (0x00007ffffea12000)",
        "\tlibidn2.so.0 => /lib/x86_64-linux-gnu/libidn2.so.0 (0x00007ffffe9f1000)",
        "\tlibrtmp.so.1 => /lib/x86_64-linux-gnu/librtmp.so.1 (0x00007ffffe9d0000)",
        "\tlibssh.so.4 => /lib/x86_64-linux-gnu/libssh.so.4 (0x00007ffffe962000)",
        "\tlibpsl.so.5 => /lib/x86_64-linux-gnu/libpsl.so.5 (0x00007ffffe94e000)",
        "\tlibgssapi_krb5.so.2 => /lib/x86_64-linux-gnu/libgssapi_krb5.so.2 (0x00007ffffe8fa000)",
        "\tlibldap-2.5.so.0 => /lib/x86_64-linux-gnu/libldap-2.5.so.0 (0x00007ffffe89a000)",
        "\tliblber-2.5.so.0 => /lib/x86_64-linux-gnu/liblber-2.5.so.0 (0x00007ffffe889000)",
        "\tlibzstd.so.1 => /lib/x86_64-linux-gnu/libzstd.so.1 (0x00007ffffe7b8000)",
        "\tlibbrotlidec.so.1 => /lib/x86_64-linux-gnu/libbrotlidec.so.1 (0x00007ffffe7aa000)",
        "\tlibz.so.1 => /lib/x86_64-linux-gnu/libz.so.1 (0x00007ffffe78e000)",
        "\tlibunistring.so.2 => /lib/x86_64-linux-gnu/libunistring.so.2 (0x00007ffffe5e4000)",
        "\tlibgnutls.so.30 => /lib/x86_64-linux-gnu/libgnutls.so.30 (0x00007ffffe3f8000)",
        "\tlibhogweed.so.6 => /lib/x86_64-linux-gnu/libhogweed.so.6 (0x00007ffffe3ae000)",
        "\tlibnettle.so.8 => /lib/x86_64-linux-gnu/libnettle.so.8 (0x00007ffffe368000)",
        "\tlibgmp.so.10 => /lib/x86_64-linux-gnu/libgmp.so.10 (0x00007ffffe2e6000)",
        "\tlibkrb5.so.3 => /lib/x86_64-linux-gnu/libkrb5.so.3 (0x00007ffffe21b000)",
        "\tlibk5crypto.so.3 => /lib/x86_64-linux-gnu/libk5crypto.so.3 (0x00007ffffe1ec000)",
        "\tlibcom_err.so.2 => /lib/x86_64-linux-gnu/libcom_err.so.2 (0x00007ffffe1e6000)",
        "\tlibkrb5support.so.0 => /lib/x86_64-linux-gnu/libkrb5support.so.0 (0x00007ffffe1d6000)",
        "\tlibsasl2.so.2 => /lib/x86_64-linux-gnu/libsasl2.so.2 (0x00007ffffe1bb000)",
        "\tlibbrotlicommon.so.1 => /lib/x86_64-linux-gnu/libbrotlicommon.so.1 (0x00007ffffe198000)",
        "\tlibp11-kit.so.0 => /lib/x86_64-linux-gnu/libp11-kit.so.0 (0x00007ffffe05d000)",
        "\tlibtasn1.so.6 => /lib/x86_64-linux-gnu/libtasn1.so.6 (0x00007ffffe045000)",
        "\tlibkeyutils.so.1 => /lib/x86_64-linux-gnu/libkeyutils.so.1 (0x00007ffffe03c000)",
        "\tlibresolv.so.2 => /lib/x86_64-linux-gnu/libresolv.so.2 (0x00007ffffe029000)",
        "\tlibffi.so.8 => /lib/x86_64-linux-gnu/libffi.so.8 (0x00007ffffe01c000)"
      ]
    },
    {
      "library": "/work/install-xacc/lib/libxacc-quantum-gate.so",
      "search_paths": [
        "0x000000000000001d (RUNPATH)            Library runpath: [$ORIGIN]"
      ],
      "linkage": [
        "\tlibxacc-pauli.so => /work/install-xacc/lib/libxacc-pauli.so (0x00007fffff672000)",
        "\tlibxacc-fermion.so => /work/install-xacc/lib/libxacc-fermion.so (0x00007fffff62e000)",
        "\tlibxacc.so => /work/install-xacc/lib/libxacc.so (0x00007fffff4cf000)",
        "\tlibCppMicroServices.so.4.0.0 => /work/install-xacc/lib/libCppMicroServices.so.4.0.0 (0x00007fffff3de000)",
        "\tlibstdc++.so.6 => /lib/x86_64-linux-gnu/libstdc++.so.6 (0x00007fffff1ac000)",
        "\tlibm.so.6 => /lib/x86_64-linux-gnu/libm.so.6 (0x00007fffff0c5000)",
        "\tlibgcc_s.so.1 => /lib/x86_64-linux-gnu/libgcc_s.so.1 (0x00007fffff0a3000)",
        "\tlibc.so.6 => /lib/x86_64-linux-gnu/libc.so.6 (0x00007ffffee7a000)",
        "\tlibantlr4-runtime.so.SOVERSION => /work/install-xacc/lib/libantlr4-runtime.so.SOVERSION (0x00007ffffed58000)",
        "\tlibcurl.so.4 => /lib/x86_64-linux-gnu/libcurl.so.4 (0x00007ffffecb1000)",
        "\tlibssl.so.3 => /lib/x86_64-linux-gnu/libssl.so.3 (0x00007ffffec0d000)",
        "\tlibcrypto.so.3 => /lib/x86_64-linux-gnu/libcrypto.so.3 (0x00007ffffe7c9000)",
        "\t/lib64/ld-linux-x86-64.so.2 (0x00007ffffffc4000)",
        "\tlibnghttp2.so.14 => /lib/x86_64-linux-gnu/libnghttp2.so.14 (0x00007ffffe79d000)",
        "\tlibidn2.so.0 => /lib/x86_64-linux-gnu/libidn2.so.0 (0x00007ffffe77c000)",
        "\tlibrtmp.so.1 => /lib/x86_64-linux-gnu/librtmp.so.1 (0x00007ffffe75d000)",
        "\tlibssh.so.4 => /lib/x86_64-linux-gnu/libssh.so.4 (0x00007ffffe6ef000)",
        "\tlibpsl.so.5 => /lib/x86_64-linux-gnu/libpsl.so.5 (0x00007ffffe6db000)",
        "\tlibgssapi_krb5.so.2 => /lib/x86_64-linux-gnu/libgssapi_krb5.so.2 (0x00007ffffe685000)",
        "\tlibldap-2.5.so.0 => /lib/x86_64-linux-gnu/libldap-2.5.so.0 (0x00007ffffe625000)",
        "\tliblber-2.5.so.0 => /lib/x86_64-linux-gnu/liblber-2.5.so.0 (0x00007ffffe614000)",
        "\tlibzstd.so.1 => /lib/x86_64-linux-gnu/libzstd.so.1 (0x00007ffffe545000)",
        "\tlibbrotlidec.so.1 => /lib/x86_64-linux-gnu/libbrotlidec.so.1 (0x00007ffffe537000)",
        "\tlibz.so.1 => /lib/x86_64-linux-gnu/libz.so.1 (0x00007ffffe51b000)",
        "\tlibunistring.so.2 => /lib/x86_64-linux-gnu/libunistring.so.2 (0x00007ffffe36f000)",
        "\tlibgnutls.so.30 => /lib/x86_64-linux-gnu/libgnutls.so.30 (0x00007ffffe183000)",
        "\tlibhogweed.so.6 => /lib/x86_64-linux-gnu/libhogweed.so.6 (0x00007ffffe13b000)",
        "\tlibnettle.so.8 => /lib/x86_64-linux-gnu/libnettle.so.8 (0x00007ffffe0f5000)",
        "\tlibgmp.so.10 => /lib/x86_64-linux-gnu/libgmp.so.10 (0x00007ffffe073000)",
        "\tlibkrb5.so.3 => /lib/x86_64-linux-gnu/libkrb5.so.3 (0x00007ffffdfa6000)",
        "\tlibk5crypto.so.3 => /lib/x86_64-linux-gnu/libk5crypto.so.3 (0x00007ffffdf77000)",
        "\tlibcom_err.so.2 => /lib/x86_64-linux-gnu/libcom_err.so.2 (0x00007ffffdf71000)",
        "\tlibkrb5support.so.0 => /lib/x86_64-linux-gnu/libkrb5support.so.0 (0x00007ffffdf63000)",
        "\tlibsasl2.so.2 => /lib/x86_64-linux-gnu/libsasl2.so.2 (0x00007ffffdf48000)",
        "\tlibbrotlicommon.so.1 => /lib/x86_64-linux-gnu/libbrotlicommon.so.1 (0x00007ffffdf25000)",
        "\tlibp11-kit.so.0 => /lib/x86_64-linux-gnu/libp11-kit.so.0 (0x00007ffffdde8000)",
        "\tlibtasn1.so.6 => /lib/x86_64-linux-gnu/libtasn1.so.6 (0x00007ffffddd0000)",
        "\tlibkeyutils.so.1 => /lib/x86_64-linux-gnu/libkeyutils.so.1 (0x00007ffffddc9000)",
        "\tlibresolv.so.2 => /lib/x86_64-linux-gnu/libresolv.so.2 (0x00007ffffddb6000)",
        "\tlibffi.so.8 => /lib/x86_64-linux-gnu/libffi.so.8 (0x00007ffffdda9000)"
      ]
    },
    {
      "library": "/work/install-xacc/lib/libxacc.so",
      "search_paths": [
        "0x000000000000001d (RUNPATH)            Library runpath: [$ORIGIN]"
      ],
      "linkage": [
        "\tlibCppMicroServices.so.4.0.0 => /work/install-xacc/lib/libCppMicroServices.so.4.0.0 (0x00007fffff571000)",
        "\tlibcurl.so.4 => /lib/x86_64-linux-gnu/libcurl.so.4 (0x00007fffff4c4000)",
        "\tlibssl.so.3 => /lib/x86_64-linux-gnu/libssl.so.3 (0x00007fffff420000)",
        "\tlibcrypto.so.3 => /lib/x86_64-linux-gnu/libcrypto.so.3 (0x00007ffffefdc000)",
        "\tlibstdc++.so.6 => /lib/x86_64-linux-gnu/libstdc++.so.6 (0x00007ffffedb0000)",
        "\tlibgcc_s.so.1 => /lib/x86_64-linux-gnu/libgcc_s.so.1 (0x00007ffffed90000)",
        "\tlibc.so.6 => /lib/x86_64-linux-gnu/libc.so.6 (0x00007ffffeb65000)",
        "\t/lib64/ld-linux-x86-64.so.2 (0x00007ffffffc4000)",
        "\tlibm.so.6 => /lib/x86_64-linux-gnu/libm.so.6 (0x00007ffffea7e000)",
        "\tlibnghttp2.so.14 => /lib/x86_64-linux-gnu/libnghttp2.so.14 (0x00007ffffea54000)",
        "\tlibidn2.so.0 => /lib/x86_64-linux-gnu/libidn2.so.0 (0x00007ffffea33000)",
        "\tlibrtmp.so.1 => /lib/x86_64-linux-gnu/librtmp.so.1 (0x00007ffffea14000)",
        "\tlibssh.so.4 => /lib/x86_64-linux-gnu/libssh.so.4 (0x00007ffffe9a6000)",
        "\tlibpsl.so.5 => /lib/x86_64-linux-gnu/libpsl.so.5 (0x00007ffffe990000)",
        "\tlibgssapi_krb5.so.2 => /lib/x86_64-linux-gnu/libgssapi_krb5.so.2 (0x00007ffffe93c000)",
        "\tlibldap-2.5.so.0 => /lib/x86_64-linux-gnu/libldap-2.5.so.0 (0x00007ffffe8dc000)",
        "\tliblber-2.5.so.0 => /lib/x86_64-linux-gnu/liblber-2.5.so.0 (0x00007ffffe8cb000)",
        "\tlibzstd.so.1 => /lib/x86_64-linux-gnu/libzstd.so.1 (0x00007ffffe7fc000)",
        "\tlibbrotlidec.so.1 => /lib/x86_64-linux-gnu/libbrotlidec.so.1 (0x00007ffffe7ee000)",
        "\tlibz.so.1 => /lib/x86_64-linux-gnu/libz.so.1 (0x00007ffffe7d0000)",
        "\tlibunistring.so.2 => /lib/x86_64-linux-gnu/libunistring.so.2 (0x00007ffffe626000)",
        "\tlibgnutls.so.30 => /lib/x86_64-linux-gnu/libgnutls.so.30 (0x00007ffffe43a000)",
        "\tlibhogweed.so.6 => /lib/x86_64-linux-gnu/libhogweed.so.6 (0x00007ffffe3f2000)",
        "\tlibnettle.so.8 => /lib/x86_64-linux-gnu/libnettle.so.8 (0x00007ffffe3ac000)",
        "\tlibgmp.so.10 => /lib/x86_64-linux-gnu/libgmp.so.10 (0x00007ffffe328000)",
        "\tlibkrb5.so.3 => /lib/x86_64-linux-gnu/libkrb5.so.3 (0x00007ffffe25d000)",
        "\tlibk5crypto.so.3 => /lib/x86_64-linux-gnu/libk5crypto.so.3 (0x00007ffffe22e000)",
        "\tlibcom_err.so.2 => /lib/x86_64-linux-gnu/libcom_err.so.2 (0x00007ffffe228000)",
        "\tlibkrb5support.so.0 => /lib/x86_64-linux-gnu/libkrb5support.so.0 (0x00007ffffe21a000)",
        "\tlibsasl2.so.2 => /lib/x86_64-linux-gnu/libsasl2.so.2 (0x00007ffffe1fd000)",
        "\tlibbrotlicommon.so.1 => /lib/x86_64-linux-gnu/libbrotlicommon.so.1 (0x00007ffffe1da000)",
        "\tlibp11-kit.so.0 => /lib/x86_64-linux-gnu/libp11-kit.so.0 (0x00007ffffe09f000)",
        "\tlibtasn1.so.6 => /lib/x86_64-linux-gnu/libtasn1.so.6 (0x00007ffffe087000)",
        "\tlibkeyutils.so.1 => /lib/x86_64-linux-gnu/libkeyutils.so.1 (0x00007ffffe080000)",
        "\tlibresolv.so.2 => /lib/x86_64-linux-gnu/libresolv.so.2 (0x00007ffffe06b000)",
        "\tlibffi.so.8 => /lib/x86_64-linux-gnu/libffi.so.8 (0x00007ffffe05e000)"
      ]
    },
    {
      "library": "/work/install-xacc/plugins/libxacc-aer.so",
      "search_paths": [
        "0x000000000000001d (RUNPATH)            Library runpath: [$ORIGIN/../lib]"
      ],
      "linkage": [
        "\tlibxacc-quantum-gate.so => /work/install-xacc/plugins/../lib/libxacc-quantum-gate.so (0x00007fffff2fa000)",
        "\tlibxacc-py-aer-adapter.so => /work/install-xacc/plugins/../lib/libxacc-py-aer-adapter.so (0x00007fffff2da000)",
        "\tlibopenblas.so.0 => /lib/x86_64-linux-gnu/libopenblas.so.0 (0x00007ffffce80000)",
        "\tlibxacc.so => /work/install-xacc/plugins/../lib/libxacc.so (0x00007ffffcd21000)",
        "\tlibCppMicroServices.so.4.0.0 => /work/install-xacc/plugins/../lib/libCppMicroServices.so.4.0.0 (0x00007ffffcc30000)",
        "\tlibgomp.so.1 => /lib/x86_64-linux-gnu/libgomp.so.1 (0x00007ffffcbe6000)",
        "\tlibstdc++.so.6 => /lib/x86_64-linux-gnu/libstdc++.so.6 (0x00007ffffc9ba000)",
        "\tlibm.so.6 => /lib/x86_64-linux-gnu/libm.so.6 (0x00007ffffc8d3000)",
        "\tlibgcc_s.so.1 => /lib/x86_64-linux-gnu/libgcc_s.so.1 (0x00007ffffc8b3000)",
        "\tlibc.so.6 => /lib/x86_64-linux-gnu/libc.so.6 (0x00007ffffc68a000)",
        "\t/lib64/ld-linux-x86-64.so.2 (0x00007ffffffc4000)",
        "\tlibxacc-pauli.so => /work/install-xacc/plugins/../lib/libxacc-pauli.so (0x00007ffffc628000)",
        "\tlibxacc-fermion.so => /work/install-xacc/plugins/../lib/libxacc-fermion.so (0x00007ffffc5e4000)",
        "\tlibpython3.10.so.1.0 => /lib/x86_64-linux-gnu/libpython3.10.so.1.0 (0x00007ffffc00d000)",
        "\tlibgfortran.so.5 => /lib/x86_64-linux-gnu/libgfortran.so.5 (0x00007ffffbd32000)",
        "\tlibcurl.so.4 => /lib/x86_64-linux-gnu/libcurl.so.4 (0x00007ffffbc8b000)",
        "\tlibssl.so.3 => /lib/x86_64-linux-gnu/libssl.so.3 (0x00007ffffbbe7000)",
        "\tlibcrypto.so.3 => /lib/x86_64-linux-gnu/libcrypto.so.3 (0x00007ffffb7a3000)",
        "\tlibantlr4-runtime.so.SOVERSION => /work/install-xacc/plugins/../lib/libantlr4-runtime.so.SOVERSION (0x00007ffffb681000)",
        "\tlibexpat.so.1 => /lib/x86_64-linux-gnu/libexpat.so.1 (0x00007ffffb650000)",
        "\tlibz.so.1 => /lib/x86_64-linux-gnu/libz.so.1 (0x00007ffffb634000)",
        "\tlibquadmath.so.0 => /lib/x86_64-linux-gnu/libquadmath.so.0 (0x00007ffffb5ec000)",
        "\tlibnghttp2.so.14 => /lib/x86_64-linux-gnu/libnghttp2.so.14 (0x00007ffffb5c2000)",
        "\tlibidn2.so.0 => /lib/x86_64-linux-gnu/libidn2.so.0 (0x00007ffffb59f000)",
        "\tlibrtmp.so.1 => /lib/x86_64-linux-gnu/librtmp.so.1 (0x00007ffffb580000)",
        "\tlibssh.so.4 => /lib/x86_64-linux-gnu/libssh.so.4 (0x00007ffffb512000)",
        "\tlibpsl.so.5 => /lib/x86_64-linux-gnu/libpsl.so.5 (0x00007ffffb4fe000)",
        "\tlibgssapi_krb5.so.2 => /lib/x86_64-linux-gnu/libgssapi_krb5.so.2 (0x00007ffffb4aa000)",
        "\tlibldap-2.5.so.0 => /lib/x86_64-linux-gnu/libldap-2.5.so.0 (0x00007ffffb44a000)",
        "\tliblber-2.5.so.0 => /lib/x86_64-linux-gnu/liblber-2.5.so.0 (0x00007ffffb437000)",
        "\tlibzstd.so.1 => /lib/x86_64-linux-gnu/libzstd.so.1 (0x00007ffffb368000)",
        "\tlibbrotlidec.so.1 => /lib/x86_64-linux-gnu/libbrotlidec.so.1 (0x00007ffffb35a000)",
        "\tlibunistring.so.2 => /lib/x86_64-linux-gnu/libunistring.so.2 (0x00007ffffb1b0000)",
        "\tlibgnutls.so.30 => /lib/x86_64-linux-gnu/libgnutls.so.30 (0x00007ffffafc4000)",
        "\tlibhogweed.so.6 => /lib/x86_64-linux-gnu/libhogweed.so.6 (0x00007ffffaf7a000)",
        "\tlibnettle.so.8 => /lib/x86_64-linux-gnu/libnettle.so.8 (0x00007ffffaf34000)",
        "\tlibgmp.so.10 => /lib/x86_64-linux-gnu/libgmp.so.10 (0x00007ffffaeb2000)",
        "\tlibkrb5.so.3 => /lib/x86_64-linux-gnu/libkrb5.so.3 (0x00007ffffade7000)",
        "\tlibk5crypto.so.3 => /lib/x86_64-linux-gnu/libk5crypto.so.3 (0x00007ffffadb8000)",
        "\tlibcom_err.so.2 => /lib/x86_64-linux-gnu/libcom_err.so.2 (0x00007ffffadb2000)",
        "\tlibkrb5support.so.0 => /lib/x86_64-linux-gnu/libkrb5support.so.0 (0x00007ffffada2000)",
        "\tlibsasl2.so.2 => /lib/x86_64-linux-gnu/libsasl2.so.2 (0x00007ffffad87000)",
        "\tlibbrotlicommon.so.1 => /lib/x86_64-linux-gnu/libbrotlicommon.so.1 (0x00007ffffad64000)",
        "\tlibp11-kit.so.0 => /lib/x86_64-linux-gnu/libp11-kit.so.0 (0x00007ffffac29000)",
        "\tlibtasn1.so.6 => /lib/x86_64-linux-gnu/libtasn1.so.6 (0x00007ffffac11000)",
        "\tlibkeyutils.so.1 => /lib/x86_64-linux-gnu/libkeyutils.so.1 (0x00007ffffac08000)",
        "\tlibresolv.so.2 => /lib/x86_64-linux-gnu/libresolv.so.2 (0x00007ffffabf5000)",
        "\tlibffi.so.8 => /lib/x86_64-linux-gnu/libffi.so.8 (0x00007ffffabe8000)"
      ]
    },
    {
      "library": "/work/install-xacc/plugins/libxacc-algorithm-qpe.so",
      "search_paths": [
        "0x000000000000001d (RUNPATH)            Library runpath: [$ORIGIN/../lib]"
      ],
      "linkage": [
        "\tlibxacc-quantum-gate.so => /work/install-xacc/plugins/../lib/libxacc-quantum-gate.so (0x00007fffff648000)",
        "\tlibxacc.so => /work/install-xacc/plugins/../lib/libxacc.so (0x00007fffff4e9000)",
        "\tlibCppMicroServices.so.4.0.0 => /work/install-xacc/plugins/../lib/libCppMicroServices.so.4.0.0 (0x00007fffff3f8000)",
        "\tlibstdc++.so.6 => /lib/x86_64-linux-gnu/libstdc++.so.6 (0x00007fffff1c6000)",
        "\tlibm.so.6 => /lib/x86_64-linux-gnu/libm.so.6 (0x00007fffff0df000)",
        "\tlibgcc_s.so.1 => /lib/x86_64-linux-gnu/libgcc_s.so.1 (0x00007fffff0bf000)",
        "\tlibc.so.6 => /lib/x86_64-linux-gnu/libc.so.6 (0x00007ffffee94000)",
        "\tlibxacc-pauli.so => /work/install-xacc/plugins/../lib/libxacc-pauli.so (0x00007ffffee32000)",
        "\tlibxacc-fermion.so => /work/install-xacc/plugins/../lib/libxacc-fermion.so (0x00007ffffedee000)",
        "\tlibcurl.so.4 => /lib/x86_64-linux-gnu/libcurl.so.4 (0x00007ffffed47000)",
        "\tlibssl.so.3 => /lib/x86_64-linux-gnu/libssl.so.3 (0x00007ffffeca3000)",
        "\tlibcrypto.so.3 => /lib/x86_64-linux-gnu/libcrypto.so.3 (0x00007ffffe85f000)",
        "\t/lib64/ld-linux-x86-64.so.2 (0x00007ffffffc4000)",
        "\tlibantlr4-runtime.so.SOVERSION => /work/install-xacc/plugins/../lib/libantlr4-runtime.so.SOVERSION (0x00007ffffe73b000)",
        "\tlibnghttp2.so.14 => /lib/x86_64-linux-gnu/libnghttp2.so.14 (0x00007ffffe711000)",
        "\tlibidn2.so.0 => /lib/x86_64-linux-gnu/libidn2.so.0 (0x00007ffffe6f0000)",
        "\tlibrtmp.so.1 => /lib/x86_64-linux-gnu/librtmp.so.1 (0x00007ffffe6d1000)",
        "\tlibssh.so.4 => /lib/x86_64-linux-gnu/libssh.so.4 (0x00007ffffe663000)",
        "\tlibpsl.so.5 => /lib/x86_64-linux-gnu/libpsl.so.5 (0x00007ffffe64d000)",
        "\tlibgssapi_krb5.so.2 => /lib/x86_64-linux-gnu/libgssapi_krb5.so.2 (0x00007ffffe5f9000)",
        "\tlibldap-2.5.so.0 => /lib/x86_64-linux-gnu/libldap-2.5.so.0 (0x00007ffffe599000)",
        "\tliblber-2.5.so.0 => /lib/x86_64-linux-gnu/liblber-2.5.so.0 (0x00007ffffe588000)",
        "\tlibzstd.so.1 => /lib/x86_64-linux-gnu/libzstd.so.1 (0x00007ffffe4b9000)",
        "\tlibbrotlidec.so.1 => /lib/x86_64-linux-gnu/libbrotlidec.so.1 (0x00007ffffe4ab000)",
        "\tlibz.so.1 => /lib/x86_64-linux-gnu/libz.so.1 (0x00007ffffe48d000)",
        "\tlibunistring.so.2 => /lib/x86_64-linux-gnu/libunistring.so.2 (0x00007ffffe2e3000)",
        "\tlibgnutls.so.30 => /lib/x86_64-linux-gnu/libgnutls.so.30 (0x00007ffffe0f7000)",
        "\tlibhogweed.so.6 => /lib/x86_64-linux-gnu/libhogweed.so.6 (0x00007ffffe0af000)",
        "\tlibnettle.so.8 => /lib/x86_64-linux-gnu/libnettle.so.8 (0x00007ffffe069000)",
        "\tlibgmp.so.10 => /lib/x86_64-linux-gnu/libgmp.so.10 (0x00007ffffdfe5000)",
        "\tlibkrb5.so.3 => /lib/x86_64-linux-gnu/libkrb5.so.3 (0x00007ffffdf1a000)",
        "\tlibk5crypto.so.3 => /lib/x86_64-linux-gnu/libk5crypto.so.3 (0x00007ffffdeeb000)",
        "\tlibcom_err.so.2 => /lib/x86_64-linux-gnu/libcom_err.so.2 (0x00007ffffdee5000)",
        "\tlibkrb5support.so.0 => /lib/x86_64-linux-gnu/libkrb5support.so.0 (0x00007ffffded7000)",
        "\tlibsasl2.so.2 => /lib/x86_64-linux-gnu/libsasl2.so.2 (0x00007ffffdeba000)",
        "\tlibbrotlicommon.so.1 => /lib/x86_64-linux-gnu/libbrotlicommon.so.1 (0x00007ffffde97000)",
        "\tlibp11-kit.so.0 => /lib/x86_64-linux-gnu/libp11-kit.so.0 (0x00007ffffdd5c000)",
        "\tlibtasn1.so.6 => /lib/x86_64-linux-gnu/libtasn1.so.6 (0x00007ffffdd44000)",
        "\tlibkeyutils.so.1 => /lib/x86_64-linux-gnu/libkeyutils.so.1 (0x00007ffffdd3d000)",
        "\tlibresolv.so.2 => /lib/x86_64-linux-gnu/libresolv.so.2 (0x00007ffffdd28000)",
        "\tlibffi.so.8 => /lib/x86_64-linux-gnu/libffi.so.8 (0x00007ffffdd1b000)"
      ]
    },
    {
      "library": "/work/install-xacc/plugins/libxacc-circuit-optimizers.so",
      "search_paths": [
        "0x000000000000001d (RUNPATH)            Library runpath: [$ORIGIN/../lib:$ORIGIN]"
      ],
      "linkage": [
        "\tlibxacc-quantum-gate.so => /work/install-xacc/plugins/../lib/libxacc-quantum-gate.so (0x00007fffff04b000)",
        "\tlibxacc.so => /work/install-xacc/plugins/../lib/libxacc.so (0x00007ffffeeec000)",
        "\tlibCppMicroServices.so.4.0.0 => /work/install-xacc/plugins/../lib/libCppMicroServices.so.4.0.0 (0x00007ffffedfb000)",
        "\tlibstdc++.so.6 => /lib/x86_64-linux-gnu/libstdc++.so.6 (0x00007ffffebc9000)",
        "\tlibm.so.6 => /lib/x86_64-linux-gnu/libm.so.6 (0x00007ffffeae2000)",
        "\tlibgcc_s.so.1 => /lib/x86_64-linux-gnu/libgcc_s.so.1 (0x00007ffffeac2000)",
        "\tlibc.so.6 => /lib/x86_64-linux-gnu/libc.so.6 (0x00007ffffe897000)",
        "\tlibxacc-pauli.so => /work/install-xacc/plugins/../lib/libxacc-pauli.so (0x00007ffffe835000)",
        "\tlibxacc-fermion.so => /work/install-xacc/plugins/../lib/libxacc-fermion.so (0x00007ffffe7f1000)",
        "\tlibcurl.so.4 => /lib/x86_64-linux-gnu/libcurl.so.4 (0x00007ffffe74a000)",
        "\tlibssl.so.3 => /lib/x86_64-linux-gnu/libssl.so.3 (0x00007ffffe6a6000)",
        "\tlibcrypto.so.3 => /lib/x86_64-linux-gnu/libcrypto.so.3 (0x00007ffffe262000)",
        "\t/lib64/ld-linux-x86-64.so.2 (0x00007ffffffc4000)",
        "\tlibantlr4-runtime.so.SOVERSION => /work/install-xacc/plugins/../lib/libantlr4-runtime.so.SOVERSION (0x00007ffffe13e000)",
        "\tlibnghttp2.so.14 => /lib/x86_64-linux-gnu/libnghttp2.so.14 (0x00007ffffe114000)",
        "\tlibidn2.so.0 => /lib/x86_64-linux-gnu/libidn2.so.0 (0x00007ffffe0f3000)",
        "\tlibrtmp.so.1 => /lib/x86_64-linux-gnu/librtmp.so.1 (0x00007ffffe0d4000)",
        "\tlibssh.so.4 => /lib/x86_64-linux-gnu/libssh.so.4 (0x00007ffffe066000)",
        "\tlibpsl.so.5 => /lib/x86_64-linux-gnu/libpsl.so.5 (0x00007ffffe050000)",
        "\tlibgssapi_krb5.so.2 => /lib/x86_64-linux-gnu/libgssapi_krb5.so.2 (0x00007ffffdffc000)",
        "\tlibldap-2.5.so.0 => /lib/x86_64-linux-gnu/libldap-2.5.so.0 (0x00007ffffdf9c000)",
        "\tliblber-2.5.so.0 => /lib/x86_64-linux-gnu/liblber-2.5.so.0 (0x00007ffffdf8b000)",
        "\tlibzstd.so.1 => /lib/x86_64-linux-gnu/libzstd.so.1 (0x00007ffffdebc000)",
        "\tlibbrotlidec.so.1 => /lib/x86_64-linux-gnu/libbrotlidec.so.1 (0x00007ffffdeae000)",
        "\tlibz.so.1 => /lib/x86_64-linux-gnu/libz.so.1 (0x00007ffffde90000)",
        "\tlibunistring.so.2 => /lib/x86_64-linux-gnu/libunistring.so.2 (0x00007ffffdce6000)",
        "\tlibgnutls.so.30 => /lib/x86_64-linux-gnu/libgnutls.so.30 (0x00007ffffdafa000)",
        "\tlibhogweed.so.6 => /lib/x86_64-linux-gnu/libhogweed.so.6 (0x00007ffffdab2000)",
        "\tlibnettle.so.8 => /lib/x86_64-linux-gnu/libnettle.so.8 (0x00007ffffda6c000)",
        "\tlibgmp.so.10 => /lib/x86_64-linux-gnu/libgmp.so.10 (0x00007ffffd9e8000)",
        "\tlibkrb5.so.3 => /lib/x86_64-linux-gnu/libkrb5.so.3 (0x00007ffffd91d000)",
        "\tlibk5crypto.so.3 => /lib/x86_64-linux-gnu/libk5crypto.so.3 (0x00007ffffd8ee000)",
        "\tlibcom_err.so.2 => /lib/x86_64-linux-gnu/libcom_err.so.2 (0x00007ffffd8e8000)",
        "\tlibkrb5support.so.0 => /lib/x86_64-linux-gnu/libkrb5support.so.0 (0x00007ffffd8da000)",
        "\tlibsasl2.so.2 => /lib/x86_64-linux-gnu/libsasl2.so.2 (0x00007ffffd8bd000)",
        "\tlibbrotlicommon.so.1 => /lib/x86_64-linux-gnu/libbrotlicommon.so.1 (0x00007ffffd89a000)",
        "\tlibp11-kit.so.0 => /lib/x86_64-linux-gnu/libp11-kit.so.0 (0x00007ffffd75f000)",
        "\tlibtasn1.so.6 => /lib/x86_64-linux-gnu/libtasn1.so.6 (0x00007ffffd747000)",
        "\tlibkeyutils.so.1 => /lib/x86_64-linux-gnu/libkeyutils.so.1 (0x00007ffffd740000)",
        "\tlibresolv.so.2 => /lib/x86_64-linux-gnu/libresolv.so.2 (0x00007ffffd72b000)",
        "\tlibffi.so.8 => /lib/x86_64-linux-gnu/libffi.so.8 (0x00007ffffd71e000)"
      ]
    },
    {
      "library": "/work/install-xacc/plugins/libxacc-exprtk-parsing.so",
      "search_paths": [
        "0x000000000000001d (RUNPATH)            Library runpath: [$ORIGIN/../lib]"
      ],
      "linkage": [
        "\tlibCppMicroServices.so.4.0.0 => /work/install-xacc/plugins/../lib/libCppMicroServices.so.4.0.0 (0x00007fffff094000)",
        "\tlibstdc++.so.6 => /lib/x86_64-linux-gnu/libstdc++.so.6 (0x00007ffffee62000)",
        "\tlibm.so.6 => /lib/x86_64-linux-gnu/libm.so.6 (0x00007ffffed7b000)",
        "\tlibgcc_s.so.1 => /lib/x86_64-linux-gnu/libgcc_s.so.1 (0x00007ffffed5b000)",
        "\tlibc.so.6 => /lib/x86_64-linux-gnu/libc.so.6 (0x00007ffffeb32000)",
        "\t/lib64/ld-linux-x86-64.so.2 (0x00007ffffffc4000)"
      ]
    },
    {
      "library": "/work/install-xacc/plugins/libxacc-graph.so",
      "search_paths": [
        "0x000000000000001d (RUNPATH)            Library runpath: [$ORIGIN/../lib]"
      ],
      "linkage": [
        "\tlibxacc.so => /work/install-xacc/plugins/../lib/libxacc.so (0x00007fffff5ea000)",
        "\tlibCppMicroServices.so.4.0.0 => /work/install-xacc/plugins/../lib/libCppMicroServices.so.4.0.0 (0x00007fffff4f9000)",
        "\tlibstdc++.so.6 => /lib/x86_64-linux-gnu/libstdc++.so.6 (0x00007fffff2c7000)",
        "\tlibgcc_s.so.1 => /lib/x86_64-linux-gnu/libgcc_s.so.1 (0x00007fffff2a7000)",
        "\tlibc.so.6 => /lib/x86_64-linux-gnu/libc.so.6 (0x00007fffff07e000)",
        "\tlibcurl.so.4 => /lib/x86_64-linux-gnu/libcurl.so.4 (0x00007ffffefd7000)",
        "\tlibssl.so.3 => /lib/x86_64-linux-gnu/libssl.so.3 (0x00007ffffef31000)",
        "\tlibcrypto.so.3 => /lib/x86_64-linux-gnu/libcrypto.so.3 (0x00007ffffeaed000)",
        "\t/lib64/ld-linux-x86-64.so.2 (0x00007ffffffc4000)",
        "\tlibm.so.6 => /lib/x86_64-linux-gnu/libm.so.6 (0x00007ffffea06000)",
        "\tlibnghttp2.so.14 => /lib/x86_64-linux-gnu/libnghttp2.so.14 (0x00007ffffe9dc000)",
        "\tlibidn2.so.0 => /lib/x86_64-linux-gnu/libidn2.so.0 (0x00007ffffe9bb000)",
        "\tlibrtmp.so.1 => /lib/x86_64-linux-gnu/librtmp.so.1 (0x00007ffffe99a000)",
        "\tlibssh.so.4 => /lib/x86_64-linux-gnu/libssh.so.4 (0x00007ffffe92c000)",
        "\tlibpsl.so.5 => /lib/x86_64-linux-gnu/libpsl.so.5 (0x00007ffffe918000)",
        "\tlibgssapi_krb5.so.2 => /lib/x86_64-linux-gnu/libgssapi_krb5.so.2 (0x00007ffffe8c4000)",
        "\tlibldap-2.5.so.0 => /lib/x86_64-linux-gnu/libldap-2.5.so.0 (0x00007ffffe864000)",
        "\tliblber-2.5.so.0 => /lib/x86_64-linux-gnu/liblber-2.5.so.0 (0x00007ffffe853000)",
        "\tlibzstd.so.1 => /lib/x86_64-linux-gnu/libzstd.so.1 (0x00007ffffe782000)",
        "\tlibbrotlidec.so.1 => /lib/x86_64-linux-gnu/libbrotlidec.so.1 (0x00007ffffe774000)",
        "\tlibz.so.1 => /lib/x86_64-linux-gnu/libz.so.1 (0x00007ffffe758000)",
        "\tlibunistring.so.2 => /lib/x86_64-linux-gnu/libunistring.so.2 (0x00007ffffe5ae000)",
        "\tlibgnutls.so.30 => /lib/x86_64-linux-gnu/libgnutls.so.30 (0x00007ffffe3c2000)",
        "\tlibhogweed.so.6 => /lib/x86_64-linux-gnu/libhogweed.so.6 (0x00007ffffe378000)",
        "\tlibnettle.so.8 => /lib/x86_64-linux-gnu/libnettle.so.8 (0x00007ffffe332000)",
        "\tlibgmp.so.10 => /lib/x86_64-linux-gnu/libgmp.so.10 (0x00007ffffe2b0000)",
        "\tlibkrb5.so.3 => /lib/x86_64-linux-gnu/libkrb5.so.3 (0x00007ffffe1e5000)",
        "\tlibk5crypto.so.3 => /lib/x86_64-linux-gnu/libk5crypto.so.3 (0x00007ffffe1b6000)",
        "\tlibcom_err.so.2 => /lib/x86_64-linux-gnu/libcom_err.so.2 (0x00007ffffe1b0000)",
        "\tlibkrb5support.so.0 => /lib/x86_64-linux-gnu/libkrb5support.so.0 (0x00007ffffe1a0000)",
        "\tlibsasl2.so.2 => /lib/x86_64-linux-gnu/libsasl2.so.2 (0x00007ffffe185000)",
        "\tlibbrotlicommon.so.1 => /lib/x86_64-linux-gnu/libbrotlicommon.so.1 (0x00007ffffe162000)",
        "\tlibp11-kit.so.0 => /lib/x86_64-linux-gnu/libp11-kit.so.0 (0x00007ffffe027000)",
        "\tlibtasn1.so.6 => /lib/x86_64-linux-gnu/libtasn1.so.6 (0x00007ffffe00f000)",
        "\tlibkeyutils.so.1 => /lib/x86_64-linux-gnu/libkeyutils.so.1 (0x00007ffffe006000)",
        "\tlibresolv.so.2 => /lib/x86_64-linux-gnu/libresolv.so.2 (0x00007ffffdff3000)",
        "\tlibffi.so.8 => /lib/x86_64-linux-gnu/libffi.so.8 (0x00007ffffdfe6000)"
      ]
    },
    {
      "library": "/work/install-xacc/plugins/libxacc-ibm.so",
      "search_paths": [
        "0x000000000000001d (RUNPATH)            Library runpath: [$ORIGIN/../lib]"
      ],
      "linkage": [
        "\tlibxacc-quantum-gate.so => /work/install-xacc/plugins/../lib/libxacc-quantum-gate.so (0x00007fffff527000)",
        "\tlibantlr4-runtime.so.SOVERSION => /work/install-xacc/plugins/../lib/libantlr4-runtime.so.SOVERSION (0x00007fffff405000)",
        "\tlibxacc.so => /work/install-xacc/plugins/../lib/libxacc.so (0x00007fffff2a6000)",
        "\tlibCppMicroServices.so.4.0.0 => /work/install-xacc/plugins/../lib/libCppMicroServices.so.4.0.0 (0x00007fffff1b5000)",
        "\tlibcurl.so.4 => /lib/x86_64-linux-gnu/libcurl.so.4 (0x00007fffff108000)",
        "\tlibssl.so.3 => /lib/x86_64-linux-gnu/libssl.so.3 (0x00007fffff064000)",
        "\tlibcrypto.so.3 => /lib/x86_64-linux-gnu/libcrypto.so.3 (0x00007ffffec1e000)",
        "\tlibstdc++.so.6 => /lib/x86_64-linux-gnu/libstdc++.so.6 (0x00007ffffe9f2000)",
        "\tlibgcc_s.so.1 => /lib/x86_64-linux-gnu/libgcc_s.so.1 (0x00007ffffe9d2000)",
        "\tlibc.so.6 => /lib/x86_64-linux-gnu/libc.so.6 (0x00007ffffe7a9000)",
        "\t/lib64/ld-linux-x86-64.so.2 (0x00007ffffffc4000)",
        "\tlibxacc-pauli.so => /work/install-xacc/plugins/../lib/libxacc-pauli.so (0x00007ffffe747000)",
        "\tlibxacc-fermion.so => /work/install-xacc/plugins/../lib/libxacc-fermion.so (0x00007ffffe703000)",
        "\tlibm.so.6 => /lib/x86_64-linux-gnu/libm.so.6 (0x00007ffffe61a000)",
        "\tlibnghttp2.so.14 => /lib/x86_64-linux-gnu/libnghttp2.so.14 (0x00007ffffe5f0000)",
        "\tlibidn2.so.0 => /lib/x86_64-linux-gnu/libidn2.so.0 (0x00007ffffe5cf000)",
        "\tlibrtmp.so.1 => /lib/x86_64-linux-gnu/librtmp.so.1 (0x00007ffffe5b0000)",
        "\tlibssh.so.4 => /lib/x86_64-linux-gnu/libssh.so.4 (0x00007ffffe542000)",
        "\tlibpsl.so.5 => /lib/x86_64-linux-gnu/libpsl.so.5 (0x00007ffffe52c000)",
        "\tlibgssapi_krb5.so.2 => /lib/x86_64-linux-gnu/libgssapi_krb5.so.2 (0x00007ffffe4d8000)",
        "\tlibldap-2.5.so.0 => /lib/x86_64-linux-gnu/libldap-2.5.so.0 (0x00007ffffe478000)",
        "\tliblber-2.5.so.0 => /lib/x86_64-linux-gnu/liblber-2.5.so.0 (0x00007ffffe467000)",
        "\tlibzstd.so.1 => /lib/x86_64-linux-gnu/libzstd.so.1 (0x00007ffffe398000)",
        "\tlibbrotlidec.so.1 => /lib/x86_64-linux-gnu/libbrotlidec.so.1 (0x00007ffffe38a000)",
        "\tlibz.so.1 => /lib/x86_64-linux-gnu/libz.so.1 (0x00007ffffe36c000)",
        "\tlibunistring.so.2 => /lib/x86_64-linux-gnu/libunistring.so.2 (0x00007ffffe1c2000)",
        "\tlibgnutls.so.30 => /lib/x86_64-linux-gnu/libgnutls.so.30 (0x00007ffffdfd6000)",
        "\tlibhogweed.so.6 => /lib/x86_64-linux-gnu/libhogweed.so.6 (0x00007ffffdf8e000)",
        "\tlibnettle.so.8 => /lib/x86_64-linux-gnu/libnettle.so.8 (0x00007ffffdf48000)",
        "\tlibgmp.so.10 => /lib/x86_64-linux-gnu/libgmp.so.10 (0x00007ffffdec4000)",
        "\tlibkrb5.so.3 => /lib/x86_64-linux-gnu/libkrb5.so.3 (0x00007ffffddf9000)",
        "\tlibk5crypto.so.3 => /lib/x86_64-linux-gnu/libk5crypto.so.3 (0x00007ffffddca000)",
        "\tlibcom_err.so.2 => /lib/x86_64-linux-gnu/libcom_err.so.2 (0x00007ffffddc4000)",
        "\tlibkrb5support.so.0 => /lib/x86_64-linux-gnu/libkrb5support.so.0 (0x00007ffffddb6000)",
        "\tlibsasl2.so.2 => /lib/x86_64-linux-gnu/libsasl2.so.2 (0x00007ffffdd99000)",
        "\tlibbrotlicommon.so.1 => /lib/x86_64-linux-gnu/libbrotlicommon.so.1 (0x00007ffffdd76000)",
        "\tlibp11-kit.so.0 => /lib/x86_64-linux-gnu/libp11-kit.so.0 (0x00007ffffdc3b000)",
        "\tlibtasn1.so.6 => /lib/x86_64-linux-gnu/libtasn1.so.6 (0x00007ffffdc23000)",
        "\tlibkeyutils.so.1 => /lib/x86_64-linux-gnu/libkeyutils.so.1 (0x00007ffffdc1c000)",
        "\tlibresolv.so.2 => /lib/x86_64-linux-gnu/libresolv.so.2 (0x00007ffffdc07000)",
        "\tlibffi.so.8 => /lib/x86_64-linux-gnu/libffi.so.8 (0x00007ffffdbfa000)"
      ]
    },
    {
      "library": "/work/install-xacc/plugins/libxacc-ini-config-parsing.so",
      "search_paths": [
        "0x000000000000001d (RUNPATH)            Library runpath: [$ORIGIN/../lib]"
      ],
      "linkage": [
        "\tlibxacc.so => /work/install-xacc/plugins/../lib/libxacc.so (0x00007fffff639000)",
        "\tlibCppMicroServices.so.4.0.0 => /work/install-xacc/plugins/../lib/libCppMicroServices.so.4.0.0 (0x00007fffff548000)",
        "\tlibstdc++.so.6 => /lib/x86_64-linux-gnu/libstdc++.so.6 (0x00007fffff316000)",
        "\tlibgcc_s.so.1 => /lib/x86_64-linux-gnu/libgcc_s.so.1 (0x00007fffff2f6000)",
        "\tlibc.so.6 => /lib/x86_64-linux-gnu/libc.so.6 (0x00007fffff0cd000)",
        "\tlibcurl.so.4 => /lib/x86_64-linux-gnu/libcurl.so.4 (0x00007fffff026000)",
        "\tlibssl.so.3 => /lib/x86_64-linux-gnu/libssl.so.3 (0x00007ffffef80000)",
        "\tlibcrypto.so.3 => /lib/x86_64-linux-gnu/libcrypto.so.3 (0x00007ffffeb3c000)",
        "\t/lib64/ld-linux-x86-64.so.2 (0x00007ffffffc4000)",
        "\tlibm.so.6 => /lib/x86_64-linux-gnu/libm.so.6 (0x00007ffffea55000)",
        "\tlibnghttp2.so.14 => /lib/x86_64-linux-gnu/libnghttp2.so.14 (0x00007ffffea2b000)",
        "\tlibidn2.so.0 => /lib/x86_64-linux-gnu/libidn2.so.0 (0x00007ffffea0a000)",
        "\tlibrtmp.so.1 => /lib/x86_64-linux-gnu/librtmp.so.1 (0x00007ffffe9e9000)",
        "\tlibssh.so.4 => /lib/x86_64-linux-gnu/libssh.so.4 (0x00007ffffe97b000)",
        "\tlibpsl.so.5 => /lib/x86_64-linux-gnu/libpsl.so.5 (0x00007ffffe967000)",
        "\tlibgssapi_krb5.so.2 => /lib/x86_64-linux-gnu/libgssapi_krb5.so.2 (0x00007ffffe913000)",
        "\tlibldap-2.5.so.0 => /lib/x86_64-linux-gnu/libldap-2.5.so.0 (0x00007ffffe8b3000)",
        "\tliblber-2.5.so.0 => /lib/x86_64-linux-gnu/liblber-2.5.so.0 (0x00007ffffe8a2000)",
        "\tlibzstd.so.1 => /lib/x86_64-linux-gnu/libzstd.so.1 (0x00007ffffe7d1000)",
        "\tlibbrotlidec.so.1 => /lib/x86_64-linux-gnu/libbrotlidec.so.1 (0x00007ffffe7c3000)",
        "\tlibz.so.1 => /lib/x86_64-linux-gnu/libz.so.1 (0x00007ffffe7a7000)",
        "\tlibunistring.so.2 => /lib/x86_64-linux-gnu/libunistring.so.2 (0x00007ffffe5fd000)",
        "\tlibgnutls.so.30 => /lib/x86_64-linux-gnu/libgnutls.so.30 (0x00007ffffe411000)",
        "\tlibhogweed.so.6 => /lib/x86_64-linux-gnu/libhogweed.so.6 (0x00007ffffe3c7000)",
        "\tlibnettle.so.8 => /lib/x86_64-linux-gnu/libnettle.so.8 (0x00007ffffe381000)",
        "\tlibgmp.so.10 => /lib/x86_64-linux-gnu/libgmp.so.10 (0x00007ffffe2ff000)",
        "\tlibkrb5.so.3 => /lib/x86_64-linux-gnu/libkrb5.so.3 (0x00007ffffe234000)",
        "\tlibk5crypto.so.3 => /lib/x86_64-linux-gnu/libk5crypto.so.3 (0x00007ffffe205000)",
        "\tlibcom_err.so.2 => /lib/x86_64-linux-gnu/libcom_err.so.2 (0x00007ffffe1ff000)",
        "\tlibkrb5support.so.0 => /lib/x86_64-linux-gnu/libkrb5support.so.0 (0x00007ffffe1ef000)",
        "\tlibsasl2.so.2 => /lib/x86_64-linux-gnu/libsasl2.so.2 (0x00007ffffe1d4000)",
        "\tlibbrotlicommon.so.1 => /lib/x86_64-linux-gnu/libbrotlicommon.so.1 (0x00007ffffe1b1000)",
        "\tlibp11-kit.so.0 => /lib/x86_64-linux-gnu/libp11-kit.so.0 (0x00007ffffe076000)",
        "\tlibtasn1.so.6 => /lib/x86_64-linux-gnu/libtasn1.so.6 (0x00007ffffe05e000)",
        "\tlibkeyutils.so.1 => /lib/x86_64-linux-gnu/libkeyutils.so.1 (0x00007ffffe055000)",
        "\tlibresolv.so.2 => /lib/x86_64-linux-gnu/libresolv.so.2 (0x00007ffffe042000)",
        "\tlibffi.so.8 => /lib/x86_64-linux-gnu/libffi.so.8 (0x00007ffffe035000)"
      ]
    },
    {
      "library": "/work/install-xacc/plugins/libxacc-mlpack.so",
      "search_paths": [
        "0x000000000000001d (RUNPATH)            Library runpath: [$ORIGIN/../lib]"
      ],
      "linkage": [
        "\tlibxacc.so => /work/install-xacc/plugins/../lib/libxacc.so (0x00007fffff627000)",
        "\tlibopenblas.so.0 => /lib/x86_64-linux-gnu/libopenblas.so.0 (0x00007ffffd1d0000)",
        "\tlibCppMicroServices.so.4.0.0 => /work/install-xacc/plugins/../lib/libCppMicroServices.so.4.0.0 (0x00007ffffd0df000)",
        "\tlibstdc++.so.6 => /lib/x86_64-linux-gnu/libstdc++.so.6 (0x00007ffffceb3000)",
        "\tlibm.so.6 => /lib/x86_64-linux-gnu/libm.so.6 (0x00007ffffcdcc000)",
        "\tlibgcc_s.so.1 => /lib/x86_64-linux-gnu/libgcc_s.so.1 (0x00007ffffcdac000)",
        "\tlibc.so.6 => /lib/x86_64-linux-gnu/libc.so.6 (0x00007ffffcb83000)",
        "\tlibcurl.so.4 => /lib/x86_64-linux-gnu/libcurl.so.4 (0x00007ffffcadc000)",
        "\tlibssl.so.3 => /lib/x86_64-linux-gnu/libssl.so.3 (0x00007ffffca38000)",
        "\tlibcrypto.so.3 => /lib/x86_64-linux-gnu/libcrypto.so.3 (0x00007ffffc5f4000)",
        "\t/lib64/ld-linux-x86-64.so.2 (0x00007ffffffc4000)",
        "\tlibgfortran.so.5 => /lib/x86_64-linux-gnu/libgfortran.so.5 (0x00007ffffc319000)",
        "\tlibnghttp2.so.14 => /lib/x86_64-linux-gnu/libnghttp2.so.14 (0x00007ffffc2ed000)",
        "\tlibidn2.so.0 => /lib/x86_64-linux-gnu/libidn2.so.0 (0x00007ffffc2cc000)",
        "\tlibrtmp.so.1 => /lib/x86_64-linux-gnu/librtmp.so.1 (0x00007ffffc2ad000)",
        "\tlibssh.so.4 => /lib/x86_64-linux-gnu/libssh.so.4 (0x00007ffffc23f000)",
        "\tlibpsl.so.5 => /lib/x86_64-linux-gnu/libpsl.so.5 (0x00007ffffc22b000)",
        "\tlibgssapi_krb5.so.2 => /lib/x86_64-linux-gnu/libgssapi_krb5.so.2 (0x00007ffffc1d7000)",
        "\tlibldap-2.5.so.0 => /lib/x86_64-linux-gnu/libldap-2.5.so.0 (0x00007ffffc175000)",
        "\tliblber-2.5.so.0 => /lib/x86_64-linux-gnu/liblber-2.5.so.0 (0x00007ffffc164000)",
        "\tlibzstd.so.1 => /lib/x86_64-linux-gnu/libzstd.so.1 (0x00007ffffc095000)",
        "\tlibbrotlidec.so.1 => /lib/x86_64-linux-gnu/libbrotlidec.so.1 (0x00007ffffc087000)",
        "\tlibz.so.1 => /lib/x86_64-linux-gnu/libz.so.1 (0x00007ffffc06b000)",
        "\tlibquadmath.so.0 => /lib/x86_64-linux-gnu/libquadmath.so.0 (0x00007ffffc023000)",
        "\tlibunistring.so.2 => /lib/x86_64-linux-gnu/libunistring.so.2 (0x00007ffffbe77000)",
        "\tlibgnutls.so.30 => /lib/x86_64-linux-gnu/libgnutls.so.30 (0x00007ffffbc8b000)",
        "\tlibhogweed.so.6 => /lib/x86_64-linux-gnu/libhogweed.so.6 (0x00007ffffbc43000)",
        "\tlibnettle.so.8 => /lib/x86_64-linux-gnu/libnettle.so.8 (0x00007ffffbbfd000)",
        "\tlibgmp.so.10 => /lib/x86_64-linux-gnu/libgmp.so.10 (0x00007ffffbb7b000)",
        "\tlibkrb5.so.3 => /lib/x86_64-linux-gnu/libkrb5.so.3 (0x00007ffffbaae000)",
        "\tlibk5crypto.so.3 => /lib/x86_64-linux-gnu/libk5crypto.so.3 (0x00007ffffba7f000)",
        "\tlibcom_err.so.2 => /lib/x86_64-linux-gnu/libcom_err.so.2 (0x00007ffffba79000)",
        "\tlibkrb5support.so.0 => /lib/x86_64-linux-gnu/libkrb5support.so.0 (0x00007ffffba6b000)",
        "\tlibsasl2.so.2 => /lib/x86_64-linux-gnu/libsasl2.so.2 (0x00007ffffba50000)",
        "\tlibbrotlicommon.so.1 => /lib/x86_64-linux-gnu/libbrotlicommon.so.1 (0x00007ffffba2d000)",
        "\tlibp11-kit.so.0 => /lib/x86_64-linux-gnu/libp11-kit.so.0 (0x00007ffffb8f0000)",
        "\tlibtasn1.so.6 => /lib/x86_64-linux-gnu/libtasn1.so.6 (0x00007ffffb8d8000)",
        "\tlibkeyutils.so.1 => /lib/x86_64-linux-gnu/libkeyutils.so.1 (0x00007ffffb8d1000)",
        "\tlibresolv.so.2 => /lib/x86_64-linux-gnu/libresolv.so.2 (0x00007ffffb8be000)",
        "\tlibffi.so.8 => /lib/x86_64-linux-gnu/libffi.so.8 (0x00007ffffb8b1000)"
      ]
    },
    {
      "library": "/work/install-xacc/plugins/libxacc-observable-transforms.so",
      "search_paths": [
        "0x000000000000001d (RUNPATH)            Library runpath: [$ORIGIN/../lib]"
      ],
      "linkage": [
        "\tlibxacc-quantum-gate.so => /work/install-xacc/plugins/../lib/libxacc-quantum-gate.so (0x00007fffff6bf000)",
        "\tlibxacc-pauli.so => /work/install-xacc/plugins/../lib/libxacc-pauli.so (0x00007fffff65d000)",
        "\tlibxacc-fermion.so => /work/install-xacc/plugins/../lib/libxacc-fermion.so (0x00007fffff619000)",
        "\tlibxacc.so => /work/install-xacc/plugins/../lib/libxacc.so (0x00007fffff4ba000)",
        "\tlibCppMicroServices.so.4.0.0 => /work/install-xacc/plugins/../lib/libCppMicroServices.so.4.0.0 (0x00007fffff3c9000)",
        "\tlibstdc++.so.6 => /lib/x86_64-linux-gnu/libstdc++.so.6 (0x00007fffff197000)",
        "\tlibgcc_s.so.1 => /lib/x86_64-linux-gnu/libgcc_s.so.1 (0x00007fffff175000)",
        "\tlibc.so.6 => /lib/x86_64-linux-gnu/libc.so.6 (0x00007ffffef4c000)",
        "\tlibm.so.6 => /lib/x86_64-linux-gnu/libm.so.6 (0x00007ffffee65000)",
        "\tlibantlr4-runtime.so.SOVERSION => /work/install-xacc/plugins/../lib/libantlr4-runtime.so.SOVERSION (0x00007ffffed43000)",
        "\tlibcurl.so.4 => /lib/x86_64-linux-gnu/libcurl.so.4 (0x00007ffffec9c000)",
        "\tlibssl.so.3 => /lib/x86_64-linux-gnu/libssl.so.3 (0x00007ffffebf6000)",
        "\tlibcrypto.so.3 => /lib/x86_64-linux-gnu/libcrypto.so.3 (0x00007ffffe7b2000)",
        "\t/lib64/ld-linux-x86-64.so.2 (0x00007ffffffc4000)",
        "\tlibnghttp2.so.14 => /lib/x86_64-linux-gnu/libnghttp2.so.14 (0x00007ffffe788000)",
        "\tlibidn2.so.0 => /lib/x86_64-linux-gnu/libidn2.so.0 (0x00007ffffe767000)",
        "\tlibrtmp.so.1 => /lib/x86_64-linux-gnu/librtmp.so.1 (0x00007ffffe748000)",
        "\tlibssh.so.4 => /lib/x86_64-linux-gnu/libssh.so.4 (0x00007ffffe6d8000)",
        "\tlibpsl.so.5 => /lib/x86_64-linux-gnu/libpsl.so.5 (0x00007ffffe6c4000)",
        "\tlibgssapi_krb5.so.2 => /lib/x86_64-linux-gnu/libgssapi_krb5.so.2 (0x00007ffffe670000)",
        "\tlibldap-2.5.so.0 => /lib/x86_64-linux-gnu/libldap-2.5.so.0 (0x00007ffffe610000)",
        "\tliblber-2.5.so.0 => /lib/x86_64-linux-gnu/liblber-2.5.so.0 (0x00007ffffe5ff000)",
        "\tlibzstd.so.1 => /lib/x86_64-linux-gnu/libzstd.so.1 (0x00007ffffe530000)",
        "\tlibbrotlidec.so.1 => /lib/x86_64-linux-gnu/libbrotlidec.so.1 (0x00007ffffe520000)",
        "\tlibz.so.1 => /lib/x86_64-linux-gnu/libz.so.1 (0x00007ffffe504000)",
        "\tlibunistring.so.2 => /lib/x86_64-linux-gnu/libunistring.so.2 (0x00007ffffe35a000)",
        "\tlibgnutls.so.30 => /lib/x86_64-linux-gnu/libgnutls.so.30 (0x00007ffffe16e000)",
        "\tlibhogweed.so.6 => /lib/x86_64-linux-gnu/libhogweed.so.6 (0x00007ffffe126000)",
        "\tlibnettle.so.8 => /lib/x86_64-linux-gnu/libnettle.so.8 (0x00007ffffe0de000)",
        "\tlibgmp.so.10 => /lib/x86_64-linux-gnu/libgmp.so.10 (0x00007ffffe05c000)",
        "\tlibkrb5.so.3 => /lib/x86_64-linux-gnu/libkrb5.so.3 (0x00007ffffdf91000)",
        "\tlibk5crypto.so.3 => /lib/x86_64-linux-gnu/libk5crypto.so.3 (0x00007ffffdf62000)",
        "\tlibcom_err.so.2 => /lib/x86_64-linux-gnu/libcom_err.so.2 (0x00007ffffdf5c000)",
        "\tlibkrb5support.so.0 => /lib/x86_64-linux-gnu/libkrb5support.so.0 (0x00007ffffdf4e000)",
        "\tlibsasl2.so.2 => /lib/x86_64-linux-gnu/libsasl2.so.2 (0x00007ffffdf31000)",
        "\tlibbrotlicommon.so.1 => /lib/x86_64-linux-gnu/libbrotlicommon.so.1 (0x00007ffffdf0e000)",
        "\tlibp11-kit.so.0 => /lib/x86_64-linux-gnu/libp11-kit.so.0 (0x00007ffffddd3000)",
        "\tlibtasn1.so.6 => /lib/x86_64-linux-gnu/libtasn1.so.6 (0x00007ffffddbb000)",
        "\tlibkeyutils.so.1 => /lib/x86_64-linux-gnu/libkeyutils.so.1 (0x00007ffffddb4000)",
        "\tlibresolv.so.2 => /lib/x86_64-linux-gnu/libresolv.so.2 (0x00007ffffdd9f000)",
        "\tlibffi.so.8 => /lib/x86_64-linux-gnu/libffi.so.8 (0x00007ffffdd92000)"
      ]
    },
    {
      "library": "/work/install-xacc/plugins/libxacc-optimizer-nlopt.so",
      "search_paths": [
        "0x000000000000001d (RUNPATH)            Library runpath: [$ORIGIN/../lib]"
      ],
      "linkage": [
        "\tlibnlopt.so.0 => /work/install-xacc/plugins/../lib/libnlopt.so.0 (0x00007fffff706000)",
        "\tlibxacc.so => /work/install-xacc/plugins/../lib/libxacc.so (0x00007fffff5a7000)",
        "\tlibCppMicroServices.so.4.0.0 => /work/install-xacc/plugins/../lib/libCppMicroServices.so.4.0.0 (0x00007fffff4b6000)",
        "\tlibstdc++.so.6 => /lib/x86_64-linux-gnu/libstdc++.so.6 (0x00007fffff284000)",
        "\tlibgcc_s.so.1 => /lib/x86_64-linux-gnu/libgcc_s.so.1 (0x00007fffff264000)",
        "\tlibc.so.6 => /lib/x86_64-linux-gnu/libc.so.6 (0x00007fffff03b000)",
        "\tlibm.so.6 => /lib/x86_64-linux-gnu/libm.so.6 (0x00007ffffef52000)",
        "\t/lib64/ld-linux-x86-64.so.2 (0x00007ffffffc4000)",
        "\tlibcurl.so.4 => /lib/x86_64-linux-gnu/libcurl.so.4 (0x00007ffffeeab000)",
        "\tlibssl.so.3 => /lib/x86_64-linux-gnu/libssl.so.3 (0x00007ffffee07000)",
        "\tlibcrypto.so.3 => /lib/x86_64-linux-gnu/libcrypto.so.3 (0x00007ffffe9c3000)",
        "\tlibnghttp2.so.14 => /lib/x86_64-linux-gnu/libnghttp2.so.14 (0x00007ffffe999000)",
        "\tlibidn2.so.0 => /lib/x86_64-linux-gnu/libidn2.so.0 (0x00007ffffe976000)",
        "\tlibrtmp.so.1 => /lib/x86_64-linux-gnu/librtmp.so.1 (0x00007ffffe957000)",
        "\tlibssh.so.4 => /lib/x86_64-linux-gnu/libssh.so.4 (0x00007ffffe8e9000)",
        "\tlibpsl.so.5 => /lib/x86_64-linux-gnu/libpsl.so.5 (0x00007ffffe8d5000)",
        "\tlibgssapi_krb5.so.2 => /lib/x86_64-linux-gnu/libgssapi_krb5.so.2 (0x00007ffffe881000)",
        "\tlibldap-2.5.so.0 => /lib/x86_64-linux-gnu/libldap-2.5.so.0 (0x00007ffffe821000)",
        "\tliblber-2.5.so.0 => /lib/x86_64-linux-gnu/liblber-2.5.so.0 (0x00007ffffe80e000)",
        "\tlibzstd.so.1 => /lib/x86_64-linux-gnu/libzstd.so.1 (0x00007ffffe73f000)",
        "\tlibbrotlidec.so.1 => /lib/x86_64-linux-gnu/libbrotlidec.so.1 (0x00007ffffe731000)",
        "\tlibz.so.1 => /lib/x86_64-linux-gnu/libz.so.1 (0x00007ffffe715000)",
        "\tlibunistring.so.2 => /lib/x86_64-linux-gnu/libunistring.so.2 (0x00007ffffe56b000)",
        "\tlibgnutls.so.30 => /lib/x86_64-linux-gnu/libgnutls.so.30 (0x00007ffffe37d000)",
        "\tlibhogweed.so.6 => /lib/x86_64-linux-gnu/libhogweed.so.6 (0x00007ffffe335000)",
        "\tlibnettle.so.8 => /lib/x86_64-linux-gnu/libnettle.so.8 (0x00007ffffe2ef000)",
        "\tlibgmp.so.10 => /lib/x86_64-linux-gnu/libgmp.so.10 (0x00007ffffe26d000)",
        "\tlibkrb5.so.3 => /lib/x86_64-linux-gnu/libkrb5.so.3 (0x00007ffffe1a2000)",
        "\tlibk5crypto.so.3 => /lib/x86_64-linux-gnu/libk5crypto.so.3 (0x00007ffffe173000)",
        "\tlibcom_err.so.2 => /lib/x86_64-linux-gnu/libcom_err.so.2 (0x00007ffffe16b000)",
        "\tlibkrb5support.so.0 => /lib/x86_64-linux-gnu/libkrb5support.so.0 (0x00007ffffe15d000)",
        "\tlibsasl2.so.2 => /lib/x86_64-linux-gnu/libsasl2.so.2 (0x00007ffffe142000)",
        "\tlibbrotlicommon.so.1 => /lib/x86_64-linux-gnu/libbrotlicommon.so.1 (0x00007ffffe11f000)",
        "\tlibp11-kit.so.0 => /lib/x86_64-linux-gnu/libp11-kit.so.0 (0x00007ffffdfe4000)",
        "\tlibtasn1.so.6 => /lib/x86_64-linux-gnu/libtasn1.so.6 (0x00007ffffdfca000)",
        "\tlibkeyutils.so.1 => /lib/x86_64-linux-gnu/libkeyutils.so.1 (0x00007ffffdfc3000)",
        "\tlibresolv.so.2 => /lib/x86_64-linux-gnu/libresolv.so.2 (0x00007ffffdfb0000)",
        "\tlibffi.so.8 => /lib/x86_64-linux-gnu/libffi.so.8 (0x00007ffffdfa3000)"
      ]
    },
    {
      "library": "/work/install-xacc/plugins/libxacc-qpp.so",
      "search_paths": [
        "0x000000000000001d (RUNPATH)            Library runpath: [$ORIGIN/../lib]"
      ],
      "linkage": [
        "\tlibxacc-quantum-gate.so => /work/install-xacc/plugins/../lib/libxacc-quantum-gate.so (0x00007fffff608000)",
        "\tlibxacc.so => /work/install-xacc/plugins/../lib/libxacc.so (0x00007fffff4a9000)",
        "\tlibCppMicroServices.so.4.0.0 => /work/install-xacc/plugins/../lib/libCppMicroServices.so.4.0.0 (0x00007fffff3b8000)",
        "\tlibgomp.so.1 => /lib/x86_64-linux-gnu/libgomp.so.1 (0x00007fffff368000)",
        "\tlibstdc++.so.6 => /lib/x86_64-linux-gnu/libstdc++.so.6 (0x00007fffff13c000)",
        "\tlibm.so.6 => /lib/x86_64-linux-gnu/libm.so.6 (0x00007fffff055000)",
        "\tlibgcc_s.so.1 => /lib/x86_64-linux-gnu/libgcc_s.so.1 (0x00007fffff033000)",
        "\tlibc.so.6 => /lib/x86_64-linux-gnu/libc.so.6 (0x00007ffffee0a000)",
        "\t/lib64/ld-linux-x86-64.so.2 (0x00007ffffffc4000)",
        "\tlibxacc-pauli.so => /work/install-xacc/plugins/../lib/libxacc-pauli.so (0x00007ffffeda8000)",
        "\tlibxacc-fermion.so => /work/install-xacc/plugins/../lib/libxacc-fermion.so (0x00007ffffed64000)",
        "\tlibcurl.so.4 => /lib/x86_64-linux-gnu/libcurl.so.4 (0x00007ffffecbd000)",
        "\tlibssl.so.3 => /lib/x86_64-linux-gnu/libssl.so.3 (0x00007ffffec19000)",
        "\tlibcrypto.so.3 => /lib/x86_64-linux-gnu/libcrypto.so.3 (0x00007ffffe7d3000)",
        "\tlibantlr4-runtime.so.SOVERSION => /work/install-xacc/plugins/../lib/libantlr4-runtime.so.SOVERSION (0x00007ffffe6b1000)",
        "\tlibnghttp2.so.14 => /lib/x86_64-linux-gnu/libnghttp2.so.14 (0x00007ffffe687000)",
        "\tlibidn2.so.0 => /lib/x86_64-linux-gnu/libidn2.so.0 (0x00007ffffe666000)",
        "\tlibrtmp.so.1 => /lib/x86_64-linux-gnu/librtmp.so.1 (0x00007ffffe647000)",
        "\tlibssh.so.4 => /lib/x86_64-linux-gnu/libssh.so.4 (0x00007ffffe5d7000)",
        "\tlibpsl.so.5 => /lib/x86_64-linux-gnu/libpsl.so.5 (0x00007ffffe5c3000)",
        "\tlibgssapi_krb5.so.2 => /lib/x86_64-linux-gnu/libgssapi_krb5.so.2 (0x00007ffffe56f000)",
        "\tlibldap-2.5.so.0 => /lib/x86_64-linux-gnu/libldap-2.5.so.0 (0x00007ffffe50f000)",
        "\tliblber-2.5.so.0 => /lib/x86_64-linux-gnu/liblber-2.5.so.0 (0x00007ffffe4fe000)",
        "\tlibzstd.so.1 => /lib/x86_64-linux-gnu/libzstd.so.1 (0x00007ffffe42f000)",
        "\tlibbrotlidec.so.1 => /lib/x86_64-linux-gnu/libbrotlidec.so.1 (0x00007ffffe41f000)",
        "\tlibz.so.1 => /lib/x86_64-linux-gnu/libz.so.1 (0x00007ffffe403000)",
        "\tlibunistring.so.2 => /lib/x86_64-linux-gnu/libunistring.so.2 (0x00007ffffe259000)",
        "\tlibgnutls.so.30 => /lib/x86_64-linux-gnu/libgnutls.so.30 (0x00007ffffe06d000)",
        "\tlibhogweed.so.6 => /lib/x86_64-linux-gnu/libhogweed.so.6 (0x00007ffffe025000)",
        "\tlibnettle.so.8 => /lib/x86_64-linux-gnu/libnettle.so.8 (0x00007ffffdfdd000)",
        "\tlibgmp.so.10 => /lib/x86_64-linux-gnu/libgmp.so.10 (0x00007ffffdf5b000)",
        "\tlibkrb5.so.3 => /lib/x86_64-linux-gnu/libkrb5.so.3 (0x00007ffffde90000)",
        "\tlibk5crypto.so.3 => /lib/x86_64-linux-gnu/libk5crypto.so.3 (0x00007ffffde61000)",
        "\tlibcom_err.so.2 => /lib/x86_64-linux-gnu/libcom_err.so.2 (0x00007ffffde5b000)",
        "\tlibkrb5support.so.0 => /lib/x86_64-linux-gnu/libkrb5support.so.0 (0x00007ffffde4d000)",
        "\tlibsasl2.so.2 => /lib/x86_64-linux-gnu/libsasl2.so.2 (0x00007ffffde30000)",
        "\tlibbrotlicommon.so.1 => /lib/x86_64-linux-gnu/libbrotlicommon.so.1 (0x00007ffffde0d000)",
        "\tlibp11-kit.so.0 => /lib/x86_64-linux-gnu/libp11-kit.so.0 (0x00007ffffdcd2000)",
        "\tlibtasn1.so.6 => /lib/x86_64-linux-gnu/libtasn1.so.6 (0x00007ffffdcba000)",
        "\tlibkeyutils.so.1 => /lib/x86_64-linux-gnu/libkeyutils.so.1 (0x00007ffffdcb3000)",
        "\tlibresolv.so.2 => /lib/x86_64-linux-gnu/libresolv.so.2 (0x00007ffffdc9e000)",
        "\tlibffi.so.8 => /lib/x86_64-linux-gnu/libffi.so.8 (0x00007ffffdc91000)"
      ]
    },
    {
      "library": "/work/install-xacc/plugins/libxacc-qsearch-optimizer.so",
      "search_paths": [
        "0x000000000000001d (RUNPATH)            Library runpath: [$ORIGIN/../lib:$ORIGIN]"
      ],
      "linkage": [
        "\tlibxacc-quantum-gate.so => /work/install-xacc/plugins/../lib/libxacc-quantum-gate.so (0x00007fffff681000)",
        "\tlibxacc.so => /work/install-xacc/plugins/../lib/libxacc.so (0x00007fffff522000)",
        "\tlibCppMicroServices.so.4.0.0 => /work/install-xacc/plugins/../lib/libCppMicroServices.so.4.0.0 (0x00007fffff431000)",
        "\tlibstdc++.so.6 => /lib/x86_64-linux-gnu/libstdc++.so.6 (0x00007fffff1ff000)",
        "\tlibm.so.6 => /lib/x86_64-linux-gnu/libm.so.6 (0x00007fffff118000)",
        "\tlibgcc_s.so.1 => /lib/x86_64-linux-gnu/libgcc_s.so.1 (0x00007fffff0f8000)",
        "\tlibc.so.6 => /lib/x86_64-linux-gnu/libc.so.6 (0x00007ffffeecd000)",
        "\tlibxacc-pauli.so => /work/install-xacc/plugins/../lib/libxacc-pauli.so (0x00007ffffee6b000)",
        "\tlibxacc-fermion.so => /work/install-xacc/plugins/../lib/libxacc-fermion.so (0x00007ffffee27000)",
        "\tlibcurl.so.4 => /lib/x86_64-linux-gnu/libcurl.so.4 (0x00007ffffed80000)",
        "\tlibssl.so.3 => /lib/x86_64-linux-gnu/libssl.so.3 (0x00007ffffecdc000)",
        "\tlibcrypto.so.3 => /lib/x86_64-linux-gnu/libcrypto.so.3 (0x00007ffffe898000)",
        "\t/lib64/ld-linux-x86-64.so.2 (0x00007ffffffc4000)",
        "\tlibantlr4-runtime.so.SOVERSION => /work/install-xacc/plugins/../lib/libantlr4-runtime.so.SOVERSION (0x00007ffffe774000)",
        "\tlibnghttp2.so.14 => /lib/x86_64-linux-gnu/libnghttp2.so.14 (0x00007ffffe74a000)",
        "\tlibidn2.so.0 => /lib/x86_64-linux-gnu/libidn2.so.0 (0x00007ffffe729000)",
        "\tlibrtmp.so.1 => /lib/x86_64-linux-gnu/librtmp.so.1 (0x00007ffffe70a000)",
        "\tlibssh.so.4 => /lib/x86_64-linux-gnu/libssh.so.4 (0x00007ffffe69c000)",
        "\tlibpsl.so.5 => /lib/x86_64-linux-gnu/libpsl.so.5 (0x00007ffffe686000)",
        "\tlibgssapi_krb5.so.2 => /lib/x86_64-linux-gnu/libgssapi_krb5.so.2 (0x00007ffffe632000)",
        "\tlibldap-2.5.so.0 => /lib/x86_64-linux-gnu/libldap-2.5.so.0 (0x00007ffffe5d2000)",
        "\tliblber-2.5.so.0 => /lib/x86_64-linux-gnu/liblber-2.5.so.0 (0x00007ffffe5c1000)",
        "\tlibzstd.so.1 => /lib/x86_64-linux-gnu/libzstd.so.1 (0x00007ffffe4f2000)",
        "\tlibbrotlidec.so.1 => /lib/x86_64-linux-gnu/libbrotlidec.so.1 (0x00007ffffe4e4000)",
        "\tlibz.so.1 => /lib/x86_64-linux-gnu/libz.so.1 (0x00007ffffe4c6000)",
        "\tlibunistring.so.2 => /lib/x86_64-linux-gnu/libunistring.so.2 (0x00007ffffe31c000)",
        "\tlibgnutls.so.30 => /lib/x86_64-linux-gnu/libgnutls.so.30 (0x00007ffffe130000)",
        "\tlibhogweed.so.6 => /lib/x86_64-linux-gnu/libhogweed.so.6 (0x00007ffffe0e8000)",
        "\tlibnettle.so.8 => /lib/x86_64-linux-gnu/libnettle.so.8 (0x00007ffffe0a2000)",
        "\tlibgmp.so.10 => /lib/x86_64-linux-gnu/libgmp.so.10 (0x00007ffffe01e000)",
        "\tlibkrb5.so.3 => /lib/x86_64-linux-gnu/libkrb5.so.3 (0x00007ffffdf53000)",
        "\tlibk5crypto.so.3 => /lib/x86_64-linux-gnu/libk5crypto.so.3 (0x00007ffffdf24000)",
        "\tlibcom_err.so.2 => /lib/x86_64-linux-gnu/libcom_err.so.2 (0x00007ffffdf1e000)",
        "\tlibkrb5support.so.0 => /lib/x86_64-linux-gnu/libkrb5support.so.0 (0x00007ffffdf10000)",
        "\tlibsasl2.so.2 => /lib/x86_64-linux-gnu/libsasl2.so.2 (0x00007ffffdef3000)",
        "\tlibbrotlicommon.so.1 => /lib/x86_64-linux-gnu/libbrotlicommon.so.1 (0x00007ffffded0000)",
        "\tlibp11-kit.so.0 => /lib/x86_64-linux-gnu/libp11-kit.so.0 (0x00007ffffdd95000)",
        "\tlibtasn1.so.6 => /lib/x86_64-linux-gnu/libtasn1.so.6 (0x00007ffffdd7d000)",
        "\tlibkeyutils.so.1 => /lib/x86_64-linux-gnu/libkeyutils.so.1 (0x00007ffffdd76000)",
        "\tlibresolv.so.2 => /lib/x86_64-linux-gnu/libresolv.so.2 (0x00007ffffdd61000)",
        "\tlibffi.so.8 => /lib/x86_64-linux-gnu/libffi.so.8 (0x00007ffffdd54000)"
      ]
    },
    {
      "library": "/work/install-xacc/plugins/libxacc-quantum-irprovider.so",
      "search_paths": [
        "0x000000000000001d (RUNPATH)            Library runpath: [$ORIGIN/../lib]"
      ],
      "linkage": [
        "\tlibxacc-quantum-gate.so => /work/install-xacc/plugins/../lib/libxacc-quantum-gate.so (0x00007fffff6a7000)",
        "\tlibxacc-quantum-annealing.so => /work/install-xacc/plugins/../lib/libxacc-quantum-annealing.so (0x00007fffff665000)",
        "\tlibxacc.so => /work/install-xacc/plugins/../lib/libxacc.so (0x00007fffff506000)",
        "\tlibCppMicroServices.so.4.0.0 => /work/install-xacc/plugins/../lib/libCppMicroServices.so.4.0.0 (0x00007fffff415000)",
        "\tlibstdc++.so.6 => /lib/x86_64-linux-gnu/libstdc++.so.6 (0x00007fffff1e3000)",
        "\tlibgcc_s.so.1 => /lib/x86_64-linux-gnu/libgcc_s.so.1 (0x00007fffff1c3000)",
        "\tlibc.so.6 => /lib/x86_64-linux-gnu/libc.so.6 (0x00007ffffef98000)",
        "\tlibxacc-pauli.so => /work/install-xacc/plugins/../lib/libxacc-pauli.so (0x00007ffffef36000)",
        "\tlibxacc-fermion.so => /work/install-xacc/plugins/../lib/libxacc-fermion.so (0x00007ffffeef2000)",
        "\tlibm.so.6 => /lib/x86_64-linux-gnu/libm.so.6 (0x00007ffffee0b000)",
        "\tlibcurl.so.4 => /lib/x86_64-linux-gnu/libcurl.so.4 (0x00007ffffed64000)",
        "\tlibssl.so.3 => /lib/x86_64-linux-gnu/libssl.so.3 (0x00007ffffecc0000)",
        "\tlibcrypto.so.3 => /lib/x86_64-linux-gnu/libcrypto.so.3 (0x00007ffffe87a000)",
        "\t/lib64/ld-linux-x86-64.so.2 (0x00007ffffffc4000)",
        "\tlibantlr4-runtime.so.SOVERSION => /work/install-xacc/plugins/../lib/libantlr4-runtime.so.SOVERSION (0x00007ffffe758000)",
        "\tlibnghttp2.so.14 => /lib/x86_64-linux-gnu/libnghttp2.so.14 (0x00007ffffe72e000)",
        "\tlibidn2.so.0 => /lib/x86_64-linux-gnu/libidn2.so.0 (0x00007ffffe70d000)",
        "\tlibrtmp.so.1 => /lib/x86_64-linux-gnu/librtmp.so.1 (0x00007ffffe6ee000)",
        "\tlibssh.so.4 => /lib/x86_64-linux-gnu/libssh.so.4 (0x00007ffffe67e000)",
        "\tlibpsl.so.5 => /lib/x86_64-linux-gnu/libpsl.so.5 (0x00007ffffe66a000)",
        "\tlibgssapi_krb5.so.2 => /lib/x86_64-linux-gnu/libgssapi_krb5.so.2 (0x00007ffffe616000)",
        "\tlibldap-2.5.so.0 => /lib/x86_64-linux-gnu/libldap-2.5.so.0 (0x00007ffffe5b6000)",
        "\tliblber-2.5.so.0 => /lib/x86_64-linux-gnu/liblber-2.5.so.0 (0x00007ffffe5a5000)",
        "\tlibzstd.so.1 => /lib/x86_64-linux-gnu/libzstd.so.1 (0x00007ffffe4d6000)",
        "\tlibbrotlidec.so.1 => /lib/x86_64-linux-gnu/libbrotlidec.so.1 (0x00007ffffe4c6000)",
        "\tlibz.so.1 => /lib/x86_64-linux-gnu/libz.so.1 (0x00007ffffe4aa000)",
        "\tlibunistring.so.2 => /lib/x86_64-linux-gnu/libunistring.so.2 (0x00007ffffe300000)",
        "\tlibgnutls.so.30 => /lib/x86_64-linux-gnu/libgnutls.so.30 (0x00007ffffe114000)",
        "\tlibhogweed.so.6 => /lib/x86_64-linux-gnu/libhogweed.so.6 (0x00007ffffe0cc000)",
        "\tlibnettle.so.8 => /lib/x86_64-linux-gnu/libnettle.so.8 (0x00007ffffe084000)",
        "\tlibgmp.so.10 => /lib/x86_64-linux-gnu/libgmp.so.10 (0x00007ffffe002000)",
        "\tlibkrb5.so.3 => /lib/x86_64-linux-gnu/libkrb5.so.3 (0x00007ffffdf37000)",
        "\tlibk5crypto.so.3 => /lib/x86_64-linux-gnu/libk5crypto.so.3 (0x00007ffffdf08000)",
        "\tlibcom_err.so.2 => /lib/x86_64-linux-gnu/libcom_err.so.2 (0x00007ffffdf02000)",
        "\tlibkrb5support.so.0 => /lib/x86_64-linux-gnu/libkrb5support.so.0 (0x00007ffffdef4000)",
        "\tlibsasl2.so.2 => /lib/x86_64-linux-gnu/libsasl2.so.2 (0x00007ffffded7000)",
        "\tlibbrotlicommon.so.1 => /lib/x86_64-linux-gnu/libbrotlicommon.so.1 (0x00007ffffdeb4000)",
        "\tlibp11-kit.so.0 => /lib/x86_64-linux-gnu/libp11-kit.so.0 (0x00007ffffdd79000)",
        "\tlibtasn1.so.6 => /lib/x86_64-linux-gnu/libtasn1.so.6 (0x00007ffffdd61000)",
        "\tlibkeyutils.so.1 => /lib/x86_64-linux-gnu/libkeyutils.so.1 (0x00007ffffdd5a000)",
        "\tlibresolv.so.2 => /lib/x86_64-linux-gnu/libresolv.so.2 (0x00007ffffdd45000)",
        "\tlibffi.so.8 => /lib/x86_64-linux-gnu/libffi.so.8 (0x00007ffffdd38000)"
      ]
    },
    {
      "library": "/work/install-xacc/plugins/libxacc-staq-compiler.so",
      "search_paths": [
        "0x000000000000001d (RUNPATH)            Library runpath: [$ORIGIN/../lib]"
      ],
      "linkage": [
        "\tlibxacc-quantum-gate.so => /work/install-xacc/plugins/../lib/libxacc-quantum-gate.so (0x00007fffff518000)",
        "\tlibxacc.so => /work/install-xacc/plugins/../lib/libxacc.so (0x00007fffff3b9000)",
        "\tlibCppMicroServices.so.4.0.0 => /work/install-xacc/plugins/../lib/libCppMicroServices.so.4.0.0 (0x00007fffff2c8000)",
        "\tlibstdc++.so.6 => /lib/x86_64-linux-gnu/libstdc++.so.6 (0x00007fffff096000)",
        "\tlibm.so.6 => /lib/x86_64-linux-gnu/libm.so.6 (0x00007ffffefaf000)",
        "\tlibgcc_s.so.1 => /lib/x86_64-linux-gnu/libgcc_s.so.1 (0x00007ffffef8f000)",
        "\tlibc.so.6 => /lib/x86_64-linux-gnu/libc.so.6 (0x00007ffffed64000)",
        "\tlibxacc-pauli.so => /work/install-xacc/plugins/../lib/libxacc-pauli.so (0x00007ffffed02000)",
        "\tlibxacc-fermion.so => /work/install-xacc/plugins/../lib/libxacc-fermion.so (0x00007ffffecbe000)",
        "\tlibcurl.so.4 => /lib/x86_64-linux-gnu/libcurl.so.4 (0x00007ffffec17000)",
        "\tlibssl.so.3 => /lib/x86_64-linux-gnu/libssl.so.3 (0x00007ffffeb73000)",
        "\tlibcrypto.so.3 => /lib/x86_64-linux-gnu/libcrypto.so.3 (0x00007ffffe72f000)",
        "\t/lib64/ld-linux-x86-64.so.2 (0x00007ffffffc4000)",
        "\tlibantlr4-runtime.so.SOVERSION => /work/install-xacc/plugins/../lib/libantlr4-runtime.so.SOVERSION (0x00007ffffe60b000)",
        "\tlibnghttp2.so.14 => /lib/x86_64-linux-gnu/libnghttp2.so.14 (0x00007ffffe5e1000)",
        "\tlibidn2.so.0 => /lib/x86_64-linux-gnu/libidn2.so.0 (0x00007ffffe5c0000)",
        "\tlibrtmp.so.1 => /lib/x86_64-linux-gnu/librtmp.so.1 (0x00007ffffe5a1000)",
        "\tlibssh.so.4 => /lib/x86_64-linux-gnu/libssh.so.4 (0x00007ffffe533000)",
        "\tlibpsl.so.5 => /lib/x86_64-linux-gnu/libpsl.so.5 (0x00007ffffe51d000)",
        "\tlibgssapi_krb5.so.2 => /lib/x86_64-linux-gnu/libgssapi_krb5.so.2 (0x00007ffffe4c9000)",
        "\tlibldap-2.5.so.0 => /lib/x86_64-linux-gnu/libldap-2.5.so.0 (0x00007ffffe469000)",
        "\tliblber-2.5.so.0 => /lib/x86_64-linux-gnu/liblber-2.5.so.0 (0x00007ffffe458000)",
        "\tlibzstd.so.1 => /lib/x86_64-linux-gnu/libzstd.so.1 (0x00007ffffe389000)",
        "\tlibbrotlidec.so.1 => /lib/x86_64-linux-gnu/libbrotlidec.so.1 (0x00007ffffe37b000)",
        "\tlibz.so.1 => /lib/x86_64-linux-gnu/libz.so.1 (0x00007ffffe35d000)",
        "\tlibunistring.so.2 => /lib/x86_64-linux-gnu/libunistring.so.2 (0x00007ffffe1b3000)",
        "\tlibgnutls.so.30 => /lib/x86_64-linux-gnu/libgnutls.so.30 (0x00007ffffdfc7000)",
        "\tlibhogweed.so.6 => /lib/x86_64-linux-gnu/libhogweed.so.6 (0x00007ffffdf7f000)",
        "\tlibnettle.so.8 => /lib/x86_64-linux-gnu/libnettle.so.8 (0x00007ffffdf39000)",
        "\tlibgmp.so.10 => /lib/x86_64-linux-gnu/libgmp.so.10 (0x00007ffffdeb5000)",
        "\tlibkrb5.so.3 => /lib/x86_64-linux-gnu/libkrb5.so.3 (0x00007ffffddea000)",
        "\tlibk5crypto.so.3 => /lib/x86_64-linux-gnu/libk5crypto.so.3 (0x00007ffffddbb000)",
        "\tlibcom_err.so.2 => /lib/x86_64-linux-gnu/libcom_err.so.2 (0x00007ffffddb5000)",
        "\tlibkrb5support.so.0 => /lib/x86_64-linux-gnu/libkrb5support.so.0 (0x00007ffffdda7000)",
        "\tlibsasl2.so.2 => /lib/x86_64-linux-gnu/libsasl2.so.2 (0x00007ffffdd8a000)",
        "\tlibbrotlicommon.so.1 => /lib/x86_64-linux-gnu/libbrotlicommon.so.1 (0x00007ffffdd67000)",
        "\tlibp11-kit.so.0 => /lib/x86_64-linux-gnu/libp11-kit.so.0 (0x00007ffffdc2c000)",
        "\tlibtasn1.so.6 => /lib/x86_64-linux-gnu/libtasn1.so.6 (0x00007ffffdc14000)",
        "\tlibkeyutils.so.1 => /lib/x86_64-linux-gnu/libkeyutils.so.1 (0x00007ffffdc0d000)",
        "\tlibresolv.so.2 => /lib/x86_64-linux-gnu/libresolv.so.2 (0x00007ffffdbf8000)",
        "\tlibffi.so.8 => /lib/x86_64-linux-gnu/libffi.so.8 (0x00007ffffdbeb000)"
      ]
    },
    {
      "library": "/work/install-xacc/plugins/libxacc-xasm-compiler.so",
      "search_paths": [
        "0x000000000000001d (RUNPATH)            Library runpath: [$ORIGIN/../lib]"
      ],
      "linkage": [
        "\tlibxacc-quantum-gate.so => /work/install-xacc/plugins/../lib/libxacc-quantum-gate.so (0x00007fffff61c000)",
        "\tlibantlr4-runtime.so.SOVERSION => /work/install-xacc/plugins/../lib/libantlr4-runtime.so.SOVERSION (0x00007fffff4fa000)",
        "\tlibxacc.so => /work/install-xacc/plugins/../lib/libxacc.so (0x00007fffff39b000)",
        "\tlibCppMicroServices.so.4.0.0 => /work/install-xacc/plugins/../lib/libCppMicroServices.so.4.0.0 (0x00007fffff2aa000)",
        "\tlibstdc++.so.6 => /lib/x86_64-linux-gnu/libstdc++.so.6 (0x00007fffff078000)",
        "\tlibgcc_s.so.1 => /lib/x86_64-linux-gnu/libgcc_s.so.1 (0x00007fffff058000)",
        "\tlibc.so.6 => /lib/x86_64-linux-gnu/libc.so.6 (0x00007ffffee2d000)",
        "\tlibxacc-pauli.so => /work/install-xacc/plugins/../lib/libxacc-pauli.so (0x00007ffffedcb000)",
        "\tlibxacc-fermion.so => /work/install-xacc/plugins/../lib/libxacc-fermion.so (0x00007ffffed87000)",
        "\tlibm.so.6 => /lib/x86_64-linux-gnu/libm.so.6 (0x00007ffffeca0000)",
        "\tlibcurl.so.4 => /lib/x86_64-linux-gnu/libcurl.so.4 (0x00007ffffebf9000)",
        "\tlibssl.so.3 => /lib/x86_64-linux-gnu/libssl.so.3 (0x00007ffffeb55000)",
        "\tlibcrypto.so.3 => /lib/x86_64-linux-gnu/libcrypto.so.3 (0x00007ffffe70f000)",
        "\t/lib64/ld-linux-x86-64.so.2 (0x00007ffffffc4000)",
        "\tlibnghttp2.so.14 => /lib/x86_64-linux-gnu/libnghttp2.so.14 (0x00007ffffe6e5000)",
        "\tlibidn2.so.0 => /lib/x86_64-linux-gnu/libidn2.so.0 (0x00007ffffe6c4000)",
        "\tlibrtmp.so.1 => /lib/x86_64-linux-gnu/librtmp.so.1 (0x00007ffffe6a5000)",
        "\tlibssh.so.4 => /lib/x86_64-linux-gnu/libssh.so.4 (0x00007ffffe637000)",
        "\tlibpsl.so.5 => /lib/x86_64-linux-gnu/libpsl.so.5 (0x00007ffffe621000)",
        "\tlibgssapi_krb5.so.2 => /lib/x86_64-linux-gnu/libgssapi_krb5.so.2 (0x00007ffffe5cd000)",
        "\tlibldap-2.5.so.0 => /lib/x86_64-linux-gnu/libldap-2.5.so.0 (0x00007ffffe56d000)",
        "\tliblber-2.5.so.0 => /lib/x86_64-linux-gnu/liblber-2.5.so.0 (0x00007ffffe55c000)",
        "\tlibzstd.so.1 => /lib/x86_64-linux-gnu/libzstd.so.1 (0x00007ffffe48d000)",
        "\tlibbrotlidec.so.1 => /lib/x86_64-linux-gnu/libbrotlidec.so.1 (0x00007ffffe47f000)",
        "\tlibz.so.1 => /lib/x86_64-linux-gnu/libz.so.1 (0x00007ffffe461000)",
        "\tlibunistring.so.2 => /lib/x86_64-linux-gnu/libunistring.so.2 (0x00007ffffe2b7000)",
        "\tlibgnutls.so.30 => /lib/x86_64-linux-gnu/libgnutls.so.30 (0x00007ffffe0cb000)",
        "\tlibhogweed.so.6 => /lib/x86_64-linux-gnu/libhogweed.so.6 (0x00007ffffe083000)",
        "\tlibnettle.so.8 => /lib/x86_64-linux-gnu/libnettle.so.8 (0x00007ffffe03d000)",
        "\tlibgmp.so.10 => /lib/x86_64-linux-gnu/libgmp.so.10 (0x00007ffffdfb9000)",
        "\tlibkrb5.so.3 => /lib/x86_64-linux-gnu/libkrb5.so.3 (0x00007ffffdeee000)",
        "\tlibk5crypto.so.3 => /lib/x86_64-linux-gnu/libk5crypto.so.3 (0x00007ffffdebf000)",
        "\tlibcom_err.so.2 => /lib/x86_64-linux-gnu/libcom_err.so.2 (0x00007ffffdeb9000)",
        "\tlibkrb5support.so.0 => /lib/x86_64-linux-gnu/libkrb5support.so.0 (0x00007ffffdeab000)",
        "\tlibsasl2.so.2 => /lib/x86_64-linux-gnu/libsasl2.so.2 (0x00007ffffde8e000)",
        "\tlibbrotlicommon.so.1 => /lib/x86_64-linux-gnu/libbrotlicommon.so.1 (0x00007ffffde6b000)",
        "\tlibp11-kit.so.0 => /lib/x86_64-linux-gnu/libp11-kit.so.0 (0x00007ffffdd30000)",
        "\tlibtasn1.so.6 => /lib/x86_64-linux-gnu/libtasn1.so.6 (0x00007ffffdd18000)",
        "\tlibkeyutils.so.1 => /lib/x86_64-linux-gnu/libkeyutils.so.1 (0x00007ffffdd11000)",
        "\tlibresolv.so.2 => /lib/x86_64-linux-gnu/libresolv.so.2 (0x00007ffffdcfc000)",
        "\tlibffi.so.8 => /lib/x86_64-linux-gnu/libffi.so.8 (0x00007ffffdcef000)"
      ]
    }
  ]
}
